﻿<?xml version="1.0" encoding="utf-8"?>
<FormEntry>
  <General>
    <FormName>Normal</FormName>
    <Height>0.4</Height>
    <Weight>2.5</Weight>
    <Male>500</Male>
    <Female>500</Female>
    <BodyStyle />
  </General>
  <BaseStats>
    <HP>60</HP>
    <Atk>40</Atk>
    <Def>80</Def>
    <SpAtk>60</SpAtk>
    <SpDef>45</SpDef>
    <Speed>40</Speed>
  </BaseStats>
  <FormInfo>
    <Type1>Grass</Type1>
    <Type2>Psychic</Type2>
    <Ability1>Chlorophyll</Ability1>
    <Ability2>None</Ability2>
    <Ability3>Harvest</Ability3>
    <Exp>65</Exp>
  </FormInfo>
  <Moves>
    <LevelUpMoves>
      <LevelUpMove>
        <Level>0</Level>
        <Name>Barrage</Name>
      </LevelUpMove>
      <LevelUpMove>
        <Level>0</Level>
        <Name>Uproar</Name>
      </LevelUpMove>
      <LevelUpMove>
        <Level>0</Level>
        <Name>Hypnosis</Name>
      </LevelUpMove>
      <LevelUpMove>
        <Level>7</Level>
        <Name>Reflect</Name>
      </LevelUpMove>
      <LevelUpMove>
        <Level>11</Level>
        <Name>Leech Seed</Name>
      </LevelUpMove>
      <LevelUpMove>
        <Level>17</Level>
        <Name>Bullet Seed</Name>
      </LevelUpMove>
      <LevelUpMove>
        <Level>19</Level>
        <Name>Stun Spore</Name>
      </LevelUpMove>
      <LevelUpMove>
        <Level>21</Level>
        <Name>Poison Powder</Name>
      </LevelUpMove>
      <LevelUpMove>
        <Level>23</Level>
        <Name>Sleep Powder</Name>
      </LevelUpMove>
      <LevelUpMove>
        <Level>27</Level>
        <Name>Confusion</Name>
      </LevelUpMove>
      <LevelUpMove>
        <Level>33</Level>
        <Name>Worry Seed</Name>
      </LevelUpMove>
      <LevelUpMove>
        <Level>37</Level>
        <Name>Natural Gift</Name>
      </LevelUpMove>
      <LevelUpMove>
        <Level>43</Level>
        <Name>Solar Beam</Name>
      </LevelUpMove>
      <LevelUpMove>
        <Level>47</Level>
        <Name>Extrasensory</Name>
      </LevelUpMove>
      <LevelUpMove>
        <Level>50</Level>
        <Name>Bestow</Name>
      </LevelUpMove>
    </LevelUpMoves>
    <TMMoves>
      <TMMove>
        <Name>Toxic</Name>
      </TMMove>
      <TMMove>
        <Name>Hidden Power</Name>
      </TMMove>
      <TMMove>
        <Name>Sunny Day</Name>
      </TMMove>
      <TMMove>
        <Name>Light Screen</Name>
      </TMMove>
      <TMMove>
        <Name>Protect</Name>
      </TMMove>
      <TMMove>
        <Name>Telekinesis</Name>
      </TMMove>
      <TMMove>
        <Name>Frustration</Name>
      </TMMove>
      <TMMove>
        <Name>Solar Beam</Name>
      </TMMove>
      <TMMove>
        <Name>Return</Name>
      </TMMove>
      <TMMove>
        <Name>Psychic</Name>
      </TMMove>
      <TMMove>
        <Name>Double Team</Name>
      </TMMove>
      <TMMove>
        <Name>Reflect</Name>
      </TMMove>
      <TMMove>
        <Name>Sludge Bomb</Name>
      </TMMove>
      <TMMove>
        <Name>Facade</Name>
      </TMMove>
      <TMMove>
        <Name>Rest</Name>
      </TMMove>
      <TMMove>
        <Name>Attract</Name>
      </TMMove>
      <TMMove>
        <Name>Thief</Name>
      </TMMove>
      <TMMove>
        <Name>Round</Name>
      </TMMove>
      <TMMove>
        <Name>Energy Ball</Name>
      </TMMove>
      <TMMove>
        <Name>Explosion</Name>
      </TMMove>
      <TMMove>
        <Name>Flash</Name>
      </TMMove>
      <TMMove>
        <Name>Swords Dance</Name>
      </TMMove>
      <TMMove>
        <Name>Psych Up</Name>
      </TMMove>
      <TMMove>
        <Name>Dream Eater</Name>
      </TMMove>
      <TMMove>
        <Name>Grass Knot</Name>
      </TMMove>
      <TMMove>
        <Name>Swagger</Name>
      </TMMove>
      <TMMove>
        <Name>Substitute</Name>
      </TMMove>
      <TMMove>
        <Name>Trick Room</Name>
      </TMMove>
      <TMMove>
        <Name>Strength</Name>
      </TMMove>
      <TMMove>
        <Name>Bullet Seed</Name>
      </TMMove>
      <TMMove>
        <Name>Giga Drain</Name>
      </TMMove>
      <TMMove>
        <Name>Secret Power</Name>
      </TMMove>
      <TMMove>
        <Name>Skill Swap</Name>
      </TMMove>
      <TMMove>
        <Name>Endure</Name>
      </TMMove>
      <TMMove>
        <Name>Captivate</Name>
      </TMMove>
      <TMMove>
        <Name>Sleep Talk</Name>
      </TMMove>
      <TMMove>
        <Name>Natural Gift</Name>
      </TMMove>
    </TMMoves>
    <EggMoves>
      <EggMove>
        <Name>Grassy Terrain</Name>
      </EggMove>
      <EggMove>
        <Name>Ancient Power</Name>
      </EggMove>
      <EggMove>
        <Name>Block</Name>
      </EggMove>
      <EggMove>
        <Name>Curse</Name>
      </EggMove>
      <EggMove>
        <Name>Giga Drain</Name>
      </EggMove>
      <EggMove>
        <Name>Ingrain</Name>
      </EggMove>
      <EggMove>
        <Name>Leaf Storm</Name>
      </EggMove>
      <EggMove>
        <Name>Lucky Chant</Name>
      </EggMove>
      <EggMove>
        <Name>Moonlight</Name>
      </EggMove>
      <EggMove>
        <Name>Natural Gift</Name>
      </EggMove>
      <EggMove>
        <Name>Nature Power</Name>
      </EggMove>
      <EggMove>
        <Name>Power Swap</Name>
      </EggMove>
      <EggMove>
        <Name>Skill Swap</Name>
      </EggMove>
      <EggMove>
        <Name>Synthesis</Name>
      </EggMove>
      <EggMove>
        <Name>Psych Up</Name>
      </EggMove>
    </EggMoves>
    <DWMoves />
    <EventMoves>
      <EventMove>
        <Name>Giga Drain</Name>
      </EventMove>
      <EventMove>
        <Name>Synthesis</Name>
      </EventMove>
      <EventMove>
        <Name>Sweet Scent</Name>
      </EventMove>
      <EventMove>
        <Name>Wish</Name>
      </EventMove>
    </EventMoves>
  </Moves>
</FormEntry>