﻿<?xml version="1.0" encoding="utf-8"?>
<FormEntry>
  <General>
    <FormName>Normal</FormName>
    <Height>1.4</Height>
    <Weight>50.2</Weight>
    <Male>1000</Male>
    <Female>0</Female>
    <BodyStyle />
  </General>
  <BaseStats>
    <HP>50</HP>
    <Atk>105</Atk>
    <Def>79</Def>
    <SpAtk>35</SpAtk>
    <SpDef>110</SpDef>
    <Speed>76</Speed>
  </BaseStats>
  <FormInfo>
    <Type1>Fighting</Type1>
    <Type2>None</Type2>
    <Ability1>Keen Eye</Ability1>
    <Ability2>Iron Fist</Ability2>
    <Ability3>Inner Focus</Ability3>
    <Exp>159</Exp>
  </FormInfo>
  <Moves>
    <LevelUpMoves>
      <LevelUpMove>
        <Level>0</Level>
        <Name>Revenge</Name>
      </LevelUpMove>
      <LevelUpMove>
        <Level>0</Level>
        <Name>Comet Punch</Name>
      </LevelUpMove>
      <LevelUpMove>
        <Level>6</Level>
        <Name>Agility</Name>
      </LevelUpMove>
      <LevelUpMove>
        <Level>11</Level>
        <Name>Pursuit</Name>
      </LevelUpMove>
      <LevelUpMove>
        <Level>16</Level>
        <Name>Mach Punch</Name>
      </LevelUpMove>
      <LevelUpMove>
        <Level>16</Level>
        <Name>Bullet Punch</Name>
      </LevelUpMove>
      <LevelUpMove>
        <Level>21</Level>
        <Name>Feint</Name>
      </LevelUpMove>
      <LevelUpMove>
        <Level>26</Level>
        <Name>Vacuum Wave</Name>
      </LevelUpMove>
      <LevelUpMove>
        <Level>31</Level>
        <Name>Quick Guard</Name>
      </LevelUpMove>
      <LevelUpMove>
        <Level>36</Level>
        <Name>Thunder Punch</Name>
      </LevelUpMove>
      <LevelUpMove>
        <Level>36</Level>
        <Name>Ice Punch</Name>
      </LevelUpMove>
      <LevelUpMove>
        <Level>36</Level>
        <Name>Fire Punch</Name>
      </LevelUpMove>
      <LevelUpMove>
        <Level>41</Level>
        <Name>Sky Uppercut</Name>
      </LevelUpMove>
      <LevelUpMove>
        <Level>46</Level>
        <Name>Mega Punch</Name>
      </LevelUpMove>
      <LevelUpMove>
        <Level>51</Level>
        <Name>Detect</Name>
      </LevelUpMove>
      <LevelUpMove>
        <Level>56</Level>
        <Name>Focus Punch</Name>
      </LevelUpMove>
      <LevelUpMove>
        <Level>61</Level>
        <Name>Counter</Name>
      </LevelUpMove>
      <LevelUpMove>
        <Level>66</Level>
        <Name>Close Combat</Name>
      </LevelUpMove>
    </LevelUpMoves>
    <TMMoves>
      <TMMove>
        <Name>Toxic</Name>
      </TMMove>
      <TMMove>
        <Name>Bulk Up</Name>
      </TMMove>
      <TMMove>
        <Name>Hidden Power</Name>
      </TMMove>
      <TMMove>
        <Name>Sunny Day</Name>
      </TMMove>
      <TMMove>
        <Name>Protect</Name>
      </TMMove>
      <TMMove>
        <Name>Rain Dance</Name>
      </TMMove>
      <TMMove>
        <Name>Frustration</Name>
      </TMMove>
      <TMMove>
        <Name>Earthquake</Name>
      </TMMove>
      <TMMove>
        <Name>Return</Name>
      </TMMove>
      <TMMove>
        <Name>Brick Break</Name>
      </TMMove>
      <TMMove>
        <Name>Double Team</Name>
      </TMMove>
      <TMMove>
        <Name>Rock Tomb</Name>
      </TMMove>
      <TMMove>
        <Name>Facade</Name>
      </TMMove>
      <TMMove>
        <Name>Rest</Name>
      </TMMove>
      <TMMove>
        <Name>Attract</Name>
      </TMMove>
      <TMMove>
        <Name>Thief</Name>
      </TMMove>
      <TMMove>
        <Name>Low Sweep</Name>
      </TMMove>
      <TMMove>
        <Name>Round</Name>
      </TMMove>
      <TMMove>
        <Name>Focus Blast</Name>
      </TMMove>
      <TMMove>
        <Name>Fling</Name>
      </TMMove>
      <TMMove>
        <Name>Retaliate</Name>
      </TMMove>
      <TMMove>
        <Name>Stone Edge</Name>
      </TMMove>
      <TMMove>
        <Name>Bulldoze</Name>
      </TMMove>
      <TMMove>
        <Name>Rock Slide</Name>
      </TMMove>
      <TMMove>
        <Name>Work Up</Name>
      </TMMove>
      <TMMove>
        <Name>Swagger</Name>
      </TMMove>
      <TMMove>
        <Name>Substitute</Name>
      </TMMove>
      <TMMove>
        <Name>Rock Smash</Name>
      </TMMove>
      <TMMove>
        <Name>Strength</Name>
      </TMMove>
      <TMMove>
        <Name>Focus Punch</Name>
      </TMMove>
      <TMMove>
        <Name>Secret Power</Name>
      </TMMove>
      <TMMove>
        <Name>Endure</Name>
      </TMMove>
      <TMMove>
        <Name>Drain Punch</Name>
      </TMMove>
      <TMMove>
        <Name>Captivate</Name>
      </TMMove>
      <TMMove>
        <Name>Sleep Talk</Name>
      </TMMove>
      <TMMove>
        <Name>Natural Gift</Name>
      </TMMove>
      <TMMove>
        <Name>Rock Climb</Name>
      </TMMove>
    </TMMoves>
    <EggMoves>
      <EggMove>
        <Name>Bullet Punch</Name>
      </EggMove>
      <EggMove>
        <Name>Vacuum Wave</Name>
      </EggMove>
      <EggMove>
        <Name>Counter</Name>
      </EggMove>
      <EggMove>
        <Name>Endure</Name>
      </EggMove>
      <EggMove>
        <Name>Feint</Name>
      </EggMove>
      <EggMove>
        <Name>Helping Hand</Name>
      </EggMove>
      <EggMove>
        <Name>High Jump Kick</Name>
      </EggMove>
      <EggMove>
        <Name>Mach Punch</Name>
      </EggMove>
      <EggMove>
        <Name>Mind Reader</Name>
      </EggMove>
      <EggMove>
        <Name>Pursuit</Name>
      </EggMove>
      <EggMove>
        <Name>Rapid Spin</Name>
      </EggMove>
    </EggMoves>
    <DWMoves />
    <EventMoves />
  </Moves>
</FormEntry>