﻿<?xml version="1.0" encoding="utf-8"?>
<FormEntry>
  <General>
    <FormName>Normal</FormName>
    <Height>0.7</Height>
    <Weight>9.9</Weight>
    <Male>500</Male>
    <Female>500</Female>
    <BodyStyle />
  </General>
  <BaseStats>
    <HP>50</HP>
    <Atk>20</Atk>
    <Def>55</Def>
    <SpAtk>25</SpAtk>
    <SpDef>25</SpDef>
    <Speed>30</Speed>
  </BaseStats>
  <FormInfo>
    <Type1>Bug</Type1>
    <Type2>None</Type2>
    <Ability1>Shed Skin</Ability1>
    <Ability2>None</Ability2>
    <Ability3>None</Ability3>
    <Exp>72</Exp>
  </FormInfo>
  <Moves>
    <LevelUpMoves>
      <LevelUpMove>
        <Level>0</Level>
        <Name>Harden</Name>
      </LevelUpMove>
      <LevelUpMove>
        <Level>7</Level>
        <Name>Harden</Name>
      </LevelUpMove>
    </LevelUpMoves>
    <TMMoves />
    <EggMoves />
    <DWMoves />
    <EventMoves />
  </Moves>
</FormEntry>