﻿<?xml version="1.0" encoding="utf-8"?>
<FormEntry>
  <General>
    <FormName>Normal</FormName>
    <Height>1.2</Height>
    <Weight>9.5</Weight>
    <Male>500</Male>
    <Female>500</Female>
    <BodyStyle />
  </General>
  <BaseStats>
    <HP>65</HP>
    <Atk>90</Atk>
    <Def>120</Def>
    <SpAtk>85</SpAtk>
    <SpDef>70</SpDef>
    <Speed>60</Speed>
  </BaseStats>
  <FormInfo>
    <Type1>Poison</Type1>
    <Type2>None</Type2>
    <Ability1>Levitate</Ability1>
    <Ability2>None</Ability2>
    <Ability3>None</Ability3>
    <Exp>172</Exp>
  </FormInfo>
  <Moves>
    <LevelUpMoves>
      <LevelUpMove>
        <Level>0</Level>
        <Name>Poison Gas</Name>
      </LevelUpMove>
      <LevelUpMove>
        <Level>0</Level>
        <Name>Tackle</Name>
      </LevelUpMove>
      <LevelUpMove>
        <Level>0</Level>
        <Name>Smog</Name>
      </LevelUpMove>
      <LevelUpMove>
        <Level>0</Level>
        <Name>Smokescreen</Name>
      </LevelUpMove>
      <LevelUpMove>
        <Level>4</Level>
        <Name>Smog</Name>
      </LevelUpMove>
      <LevelUpMove>
        <Level>7</Level>
        <Name>Smokescreen</Name>
      </LevelUpMove>
      <LevelUpMove>
        <Level>12</Level>
        <Name>Assurance</Name>
      </LevelUpMove>
      <LevelUpMove>
        <Level>15</Level>
        <Name>Clear Smog</Name>
      </LevelUpMove>
      <LevelUpMove>
        <Level>18</Level>
        <Name>Sludge</Name>
      </LevelUpMove>
      <LevelUpMove>
        <Level>23</Level>
        <Name>Self-Destruct</Name>
      </LevelUpMove>
      <LevelUpMove>
        <Level>26</Level>
        <Name>Haze</Name>
      </LevelUpMove>
      <LevelUpMove>
        <Level>29</Level>
        <Name>Double Hit</Name>
      </LevelUpMove>
      <LevelUpMove>
        <Level>34</Level>
        <Name>Sludge Bomb</Name>
      </LevelUpMove>
      <LevelUpMove>
        <Level>40</Level>
        <Name>Explosion</Name>
      </LevelUpMove>
      <LevelUpMove>
        <Level>46</Level>
        <Name>Destiny Bond</Name>
      </LevelUpMove>
      <LevelUpMove>
        <Level>50</Level>
        <Name>Belch</Name>
      </LevelUpMove>
      <LevelUpMove>
        <Level>54</Level>
        <Name>Memento</Name>
      </LevelUpMove>
    </LevelUpMoves>
    <TMMoves>
      <TMMove>
        <Name>Toxic</Name>
      </TMMove>
      <TMMove>
        <Name>Venoshock</Name>
      </TMMove>
      <TMMove>
        <Name>Hidden Power</Name>
      </TMMove>
      <TMMove>
        <Name>Sunny Day</Name>
      </TMMove>
      <TMMove>
        <Name>Taunt</Name>
      </TMMove>
      <TMMove>
        <Name>Hyper Beam</Name>
      </TMMove>
      <TMMove>
        <Name>Protect</Name>
      </TMMove>
      <TMMove>
        <Name>Rain Dance</Name>
      </TMMove>
      <TMMove>
        <Name>Frustration</Name>
      </TMMove>
      <TMMove>
        <Name>Thunderbolt</Name>
      </TMMove>
      <TMMove>
        <Name>Thunder</Name>
      </TMMove>
      <TMMove>
        <Name>Return</Name>
      </TMMove>
      <TMMove>
        <Name>Shadow Ball</Name>
      </TMMove>
      <TMMove>
        <Name>Double Team</Name>
      </TMMove>
      <TMMove>
        <Name>Flamethrower</Name>
      </TMMove>
      <TMMove>
        <Name>Sludge Bomb</Name>
      </TMMove>
      <TMMove>
        <Name>Fire Blast</Name>
      </TMMove>
      <TMMove>
        <Name>Torment</Name>
      </TMMove>
      <TMMove>
        <Name>Facade</Name>
      </TMMove>
      <TMMove>
        <Name>Rest</Name>
      </TMMove>
      <TMMove>
        <Name>Attract</Name>
      </TMMove>
      <TMMove>
        <Name>Thief</Name>
      </TMMove>
      <TMMove>
        <Name>Round</Name>
      </TMMove>
      <TMMove>
        <Name>Incinerate</Name>
      </TMMove>
      <TMMove>
        <Name>Will-O-Wisp</Name>
      </TMMove>
      <TMMove>
        <Name>Explosion</Name>
      </TMMove>
      <TMMove>
        <Name>Payback</Name>
      </TMMove>
      <TMMove>
        <Name>Giga Impact</Name>
      </TMMove>
      <TMMove>
        <Name>Flash</Name>
      </TMMove>
      <TMMove>
        <Name>Gyro Ball</Name>
      </TMMove>
      <TMMove>
        <Name>Infestation</Name>
      </TMMove>
      <TMMove>
        <Name>Swagger</Name>
      </TMMove>
      <TMMove>
        <Name>Sleep Talk</Name>
      </TMMove>
      <TMMove>
        <Name>Substitute</Name>
      </TMMove>
      <TMMove>
        <Name>Dark Pulse</Name>
      </TMMove>
      <TMMove>
        <Name>Confide</Name>
      </TMMove>
      <TMMove>
        <Name>Shock Wave</Name>
      </TMMove>
      <TMMove>
        <Name>Secret Power</Name>
      </TMMove>
      <TMMove>
        <Name>Endure</Name>
      </TMMove>
      <TMMove>
        <Name>Captivate</Name>
      </TMMove>
      <TMMove>
        <Name>Natural Gift</Name>
      </TMMove>
    </TMMoves>
    <EggMoves>
      <EggMove>
        <Name>Toxic Spikes</Name>
      </EggMove>
      <EggMove>
        <Name>Curse</Name>
      </EggMove>
      <EggMove>
        <Name>Destiny Bond</Name>
      </EggMove>
      <EggMove>
        <Name>Grudge</Name>
      </EggMove>
      <EggMove>
        <Name>Pain Split</Name>
      </EggMove>
      <EggMove>
        <Name>Psybeam</Name>
      </EggMove>
      <EggMove>
        <Name>Psywave</Name>
      </EggMove>
      <EggMove>
        <Name>Screech</Name>
      </EggMove>
      <EggMove>
        <Name>Spite</Name>
      </EggMove>
      <EggMove>
        <Name>Spit Up</Name>
      </EggMove>
      <EggMove>
        <Name>Stockpile</Name>
      </EggMove>
      <EggMove>
        <Name>Swallow</Name>
      </EggMove>
      <EggMove>
        <Name>Will-O-Wisp</Name>
      </EggMove>
    </EggMoves>
    <DWMoves />
    <EventMoves />
  </Moves>
</FormEntry>