﻿<?xml version="1.0" encoding="utf-8"?>
<FormEntry>
  <General>
    <FormName>Normal</FormName>
    <Height>1.3</Height>
    <Weight>54.5</Weight>
    <Male>500</Male>
    <Female>500</Female>
    <BodyStyle />
  </General>
  <BaseStats>
    <HP>40</HP>
    <Atk>45</Atk>
    <Def>65</Def>
    <SpAtk>100</SpAtk>
    <SpDef>120</SpDef>
    <Speed>90</Speed>
  </BaseStats>
  <FormInfo>
    <Type1>Psychic</Type1>
    <Type2>Fairy</Type2>
    <Ability1>Soundproof</Ability1>
    <Ability2>Filter</Ability2>
    <Ability3>Technician</Ability3>
    <Exp>161</Exp>
  </FormInfo>
  <Moves>
    <LevelUpMoves>
      <LevelUpMove>
        <Level>0</Level>
        <Name>Misty Terrain</Name>
      </LevelUpMove>
      <LevelUpMove>
        <Level>0</Level>
        <Name>Magical Leaf</Name>
      </LevelUpMove>
      <LevelUpMove>
        <Level>0</Level>
        <Name>Quick Guard</Name>
      </LevelUpMove>
      <LevelUpMove>
        <Level>0</Level>
        <Name>Wide Guard</Name>
      </LevelUpMove>
      <LevelUpMove>
        <Level>0</Level>
        <Name>Power Swap</Name>
      </LevelUpMove>
      <LevelUpMove>
        <Level>0</Level>
        <Name>Guard Swap</Name>
      </LevelUpMove>
      <LevelUpMove>
        <Level>0</Level>
        <Name>Barrier</Name>
      </LevelUpMove>
      <LevelUpMove>
        <Level>0</Level>
        <Name>Confusion</Name>
      </LevelUpMove>
      <LevelUpMove>
        <Level>4</Level>
        <Name>Copycat</Name>
      </LevelUpMove>
      <LevelUpMove>
        <Level>8</Level>
        <Name>Meditate</Name>
      </LevelUpMove>
      <LevelUpMove>
        <Level>11</Level>
        <Name>Double Slap</Name>
      </LevelUpMove>
      <LevelUpMove>
        <Level>15</Level>
        <Name>Mimic</Name>
      </LevelUpMove>
      <LevelUpMove>
        <Level>15</Level>
        <Name>Psywave</Name>
      </LevelUpMove>
      <LevelUpMove>
        <Level>18</Level>
        <Name>Encore</Name>
      </LevelUpMove>
      <LevelUpMove>
        <Level>22</Level>
        <Name>Light Screen</Name>
      </LevelUpMove>
      <LevelUpMove>
        <Level>22</Level>
        <Name>Reflect</Name>
      </LevelUpMove>
      <LevelUpMove>
        <Level>25</Level>
        <Name>Psybeam</Name>
      </LevelUpMove>
      <LevelUpMove>
        <Level>29</Level>
        <Name>Substitute</Name>
      </LevelUpMove>
      <LevelUpMove>
        <Level>32</Level>
        <Name>Recycle</Name>
      </LevelUpMove>
      <LevelUpMove>
        <Level>36</Level>
        <Name>Trick</Name>
      </LevelUpMove>
      <LevelUpMove>
        <Level>39</Level>
        <Name>Psychic</Name>
      </LevelUpMove>
      <LevelUpMove>
        <Level>43</Level>
        <Name>Role Play</Name>
      </LevelUpMove>
      <LevelUpMove>
        <Level>46</Level>
        <Name>Baton Pass</Name>
      </LevelUpMove>
      <LevelUpMove>
        <Level>50</Level>
        <Name>Safeguard</Name>
      </LevelUpMove>
    </LevelUpMoves>
    <TMMoves>
      <TMMove>
        <Name>Psyshock</Name>
      </TMMove>
      <TMMove>
        <Name>Calm Mind</Name>
      </TMMove>
      <TMMove>
        <Name>Toxic</Name>
      </TMMove>
      <TMMove>
        <Name>Hidden Power</Name>
      </TMMove>
      <TMMove>
        <Name>Sunny Day</Name>
      </TMMove>
      <TMMove>
        <Name>Taunt</Name>
      </TMMove>
      <TMMove>
        <Name>Hyper Beam</Name>
      </TMMove>
      <TMMove>
        <Name>Light Screen</Name>
      </TMMove>
      <TMMove>
        <Name>Protect</Name>
      </TMMove>
      <TMMove>
        <Name>Rain Dance</Name>
      </TMMove>
      <TMMove>
        <Name>Safeguard</Name>
      </TMMove>
      <TMMove>
        <Name>Frustration</Name>
      </TMMove>
      <TMMove>
        <Name>Solar Beam</Name>
      </TMMove>
      <TMMove>
        <Name>Thunderbolt</Name>
      </TMMove>
      <TMMove>
        <Name>Thunder</Name>
      </TMMove>
      <TMMove>
        <Name>Return</Name>
      </TMMove>
      <TMMove>
        <Name>Psychic</Name>
      </TMMove>
      <TMMove>
        <Name>Shadow Ball</Name>
      </TMMove>
      <TMMove>
        <Name>Brick Break</Name>
      </TMMove>
      <TMMove>
        <Name>Double Team</Name>
      </TMMove>
      <TMMove>
        <Name>Reflect</Name>
      </TMMove>
      <TMMove>
        <Name>Aerial Ace</Name>
      </TMMove>
      <TMMove>
        <Name>Torment</Name>
      </TMMove>
      <TMMove>
        <Name>Facade</Name>
      </TMMove>
      <TMMove>
        <Name>Rest</Name>
      </TMMove>
      <TMMove>
        <Name>Attract</Name>
      </TMMove>
      <TMMove>
        <Name>Thief</Name>
      </TMMove>
      <TMMove>
        <Name>Round</Name>
      </TMMove>
      <TMMove>
        <Name>Focus Blast</Name>
      </TMMove>
      <TMMove>
        <Name>Energy Ball</Name>
      </TMMove>
      <TMMove>
        <Name>Fling</Name>
      </TMMove>
      <TMMove>
        <Name>Charge Beam</Name>
      </TMMove>
      <TMMove>
        <Name>Payback</Name>
      </TMMove>
      <TMMove>
        <Name>Giga Impact</Name>
      </TMMove>
      <TMMove>
        <Name>Flash</Name>
      </TMMove>
      <TMMove>
        <Name>Thunder Wave</Name>
      </TMMove>
      <TMMove>
        <Name>Psych Up</Name>
      </TMMove>
      <TMMove>
        <Name>Infestation</Name>
      </TMMove>
      <TMMove>
        <Name>Dream Eater</Name>
      </TMMove>
      <TMMove>
        <Name>Grass Knot</Name>
      </TMMove>
      <TMMove>
        <Name>Swagger</Name>
      </TMMove>
      <TMMove>
        <Name>Sleep Talk</Name>
      </TMMove>
      <TMMove>
        <Name>Substitute</Name>
      </TMMove>
      <TMMove>
        <Name>Trick Room</Name>
      </TMMove>
      <TMMove>
        <Name>Power-Up Punch</Name>
      </TMMove>
      <TMMove>
        <Name>Dazzling Gleam</Name>
      </TMMove>
      <TMMove>
        <Name>Confide</Name>
      </TMMove>
      <TMMove>
        <Name>Telekinesis</Name>
      </TMMove>
      <TMMove>
        <Name>Focus Punch</Name>
      </TMMove>
      <TMMove>
        <Name>Shock Wave</Name>
      </TMMove>
      <TMMove>
        <Name>Secret Power</Name>
      </TMMove>
      <TMMove>
        <Name>Skill Swap</Name>
      </TMMove>
      <TMMove>
        <Name>Snatch</Name>
      </TMMove>
      <TMMove>
        <Name>Endure</Name>
      </TMMove>
      <TMMove>
        <Name>Drain Punch</Name>
      </TMMove>
      <TMMove>
        <Name>Recycle</Name>
      </TMMove>
      <TMMove>
        <Name>Captivate</Name>
      </TMMove>
      <TMMove>
        <Name>Natural Gift</Name>
      </TMMove>
    </TMMoves>
    <EggMoves>
      <EggMove>
        <Name>Charm</Name>
      </EggMove>
      <EggMove>
        <Name>Confuse Ray</Name>
      </EggMove>
      <EggMove>
        <Name>Fake Out</Name>
      </EggMove>
      <EggMove>
        <Name>Future Sight</Name>
      </EggMove>
      <EggMove>
        <Name>Healing Wish</Name>
      </EggMove>
      <EggMove>
        <Name>Hypnosis</Name>
      </EggMove>
      <EggMove>
        <Name>Icy Wind</Name>
      </EggMove>
      <EggMove>
        <Name>Magic Room</Name>
      </EggMove>
      <EggMove>
        <Name>Mimic</Name>
      </EggMove>
      <EggMove>
        <Name>Nasty Plot</Name>
      </EggMove>
      <EggMove>
        <Name>Power Split</Name>
      </EggMove>
      <EggMove>
        <Name>Teeter Dance</Name>
      </EggMove>
      <EggMove>
        <Name>Trick</Name>
      </EggMove>
      <EggMove>
        <Name>Wake-Up Slap</Name>
      </EggMove>
      <EggMove>
        <Name>Psych Up</Name>
      </EggMove>
    </EggMoves>
    <DWMoves />
    <EventMoves>
      <EventMove>
        <Name>Teeter Dance</Name>
      </EventMove>
      <EventMove>
        <Name>Skill Swap</Name>
      </EventMove>
    </EventMoves>
  </Moves>
</FormEntry>