﻿<?xml version="1.0" encoding="utf-8"?>
<FormEntry>
  <General>
    <FormName>Normal</FormName>
    <Height>1.4</Height>
    <Weight>40.6</Weight>
    <Male>0</Male>
    <Female>1000</Female>
    <BodyStyle />
  </General>
  <BaseStats>
    <HP>65</HP>
    <Atk>50</Atk>
    <Def>35</Def>
    <SpAtk>115</SpAtk>
    <SpDef>95</SpDef>
    <Speed>95</Speed>
  </BaseStats>
  <FormInfo>
    <Type1>Ice</Type1>
    <Type2>Psychic</Type2>
    <Ability1>Oblivious</Ability1>
    <Ability2>Forewarn</Ability2>
    <Ability3>Dry Skin</Ability3>
    <Exp>159</Exp>
  </FormInfo>
  <Moves>
    <LevelUpMoves>
      <LevelUpMove>
        <Level>0</Level>
        <Name>Draining Kiss</Name>
      </LevelUpMove>
      <LevelUpMove>
        <Level>0</Level>
        <Name>Perish Song</Name>
      </LevelUpMove>
      <LevelUpMove>
        <Level>0</Level>
        <Name>Pound</Name>
      </LevelUpMove>
      <LevelUpMove>
        <Level>0</Level>
        <Name>Lick</Name>
      </LevelUpMove>
      <LevelUpMove>
        <Level>0</Level>
        <Name>Lovely Kiss</Name>
      </LevelUpMove>
      <LevelUpMove>
        <Level>0</Level>
        <Name>Powder Snow</Name>
      </LevelUpMove>
      <LevelUpMove>
        <Level>5</Level>
        <Name>Lick</Name>
      </LevelUpMove>
      <LevelUpMove>
        <Level>8</Level>
        <Name>Lovely Kiss</Name>
      </LevelUpMove>
      <LevelUpMove>
        <Level>11</Level>
        <Name>Powder Snow</Name>
      </LevelUpMove>
      <LevelUpMove>
        <Level>15</Level>
        <Name>Double Slap</Name>
      </LevelUpMove>
      <LevelUpMove>
        <Level>18</Level>
        <Name>Ice Punch</Name>
      </LevelUpMove>
      <LevelUpMove>
        <Level>21</Level>
        <Name>Heart Stamp</Name>
      </LevelUpMove>
      <LevelUpMove>
        <Level>25</Level>
        <Name>Mean Look</Name>
      </LevelUpMove>
      <LevelUpMove>
        <Level>28</Level>
        <Name>Fake Tears</Name>
      </LevelUpMove>
      <LevelUpMove>
        <Level>33</Level>
        <Name>Wake-Up Slap</Name>
      </LevelUpMove>
      <LevelUpMove>
        <Level>39</Level>
        <Name>Avalanche</Name>
      </LevelUpMove>
      <LevelUpMove>
        <Level>44</Level>
        <Name>Body Slam</Name>
      </LevelUpMove>
      <LevelUpMove>
        <Level>49</Level>
        <Name>Wring Out</Name>
      </LevelUpMove>
      <LevelUpMove>
        <Level>55</Level>
        <Name>Perish Song</Name>
      </LevelUpMove>
      <LevelUpMove>
        <Level>60</Level>
        <Name>Blizzard</Name>
      </LevelUpMove>
    </LevelUpMoves>
    <TMMoves>
      <TMMove>
        <Name>Psyshock</Name>
      </TMMove>
      <TMMove>
        <Name>Calm Mind</Name>
      </TMMove>
      <TMMove>
        <Name>Toxic</Name>
      </TMMove>
      <TMMove>
        <Name>Hail</Name>
      </TMMove>
      <TMMove>
        <Name>Hidden Power</Name>
      </TMMove>
      <TMMove>
        <Name>Taunt</Name>
      </TMMove>
      <TMMove>
        <Name>Ice Beam</Name>
      </TMMove>
      <TMMove>
        <Name>Blizzard</Name>
      </TMMove>
      <TMMove>
        <Name>Light Screen</Name>
      </TMMove>
      <TMMove>
        <Name>Protect</Name>
      </TMMove>
      <TMMove>
        <Name>Frustration</Name>
      </TMMove>
      <TMMove>
        <Name>Return</Name>
      </TMMove>
      <TMMove>
        <Name>Psychic</Name>
      </TMMove>
      <TMMove>
        <Name>Shadow Ball</Name>
      </TMMove>
      <TMMove>
        <Name>Brick Break</Name>
      </TMMove>
      <TMMove>
        <Name>Double Team</Name>
      </TMMove>
      <TMMove>
        <Name>Reflect</Name>
      </TMMove>
      <TMMove>
        <Name>Torment</Name>
      </TMMove>
      <TMMove>
        <Name>Facade</Name>
      </TMMove>
      <TMMove>
        <Name>Rest</Name>
      </TMMove>
      <TMMove>
        <Name>Attract</Name>
      </TMMove>
      <TMMove>
        <Name>Thief</Name>
      </TMMove>
      <TMMove>
        <Name>Round</Name>
      </TMMove>
      <TMMove>
        <Name>Echoed Voice</Name>
      </TMMove>
      <TMMove>
        <Name>Focus Blast</Name>
      </TMMove>
      <TMMove>
        <Name>Energy Ball</Name>
      </TMMove>
      <TMMove>
        <Name>Fling</Name>
      </TMMove>
      <TMMove>
        <Name>Payback</Name>
      </TMMove>
      <TMMove>
        <Name>Giga Impact</Name>
      </TMMove>
      <TMMove>
        <Name>Flash</Name>
      </TMMove>
      <TMMove>
        <Name>Psych Up</Name>
      </TMMove>
      <TMMove>
        <Name>Frost Breath</Name>
      </TMMove>
      <TMMove>
        <Name>Dream Eater</Name>
      </TMMove>
      <TMMove>
        <Name>Grass Knot</Name>
      </TMMove>
      <TMMove>
        <Name>Swagger</Name>
      </TMMove>
      <TMMove>
        <Name>Sleep Talk</Name>
      </TMMove>
      <TMMove>
        <Name>Substitute</Name>
      </TMMove>
      <TMMove>
        <Name>Trick Room</Name>
      </TMMove>
      <TMMove>
        <Name>Power-Up Punch</Name>
      </TMMove>
      <TMMove>
        <Name>Confide</Name>
      </TMMove>
      <TMMove>
        <Name>Hyper Beam</Name>
      </TMMove>
      <TMMove>
        <Name>Rain Dance</Name>
      </TMMove>
      <TMMove>
        <Name>Telekinesis</Name>
      </TMMove>
      <TMMove>
        <Name>Focus Punch</Name>
      </TMMove>
      <TMMove>
        <Name>Water Pulse</Name>
      </TMMove>
      <TMMove>
        <Name>Secret Power</Name>
      </TMMove>
      <TMMove>
        <Name>Skill Swap</Name>
      </TMMove>
      <TMMove>
        <Name>Endure</Name>
      </TMMove>
      <TMMove>
        <Name>Drain Punch</Name>
      </TMMove>
      <TMMove>
        <Name>Recycle</Name>
      </TMMove>
      <TMMove>
        <Name>Avalanche</Name>
      </TMMove>
      <TMMove>
        <Name>Captivate</Name>
      </TMMove>
      <TMMove>
        <Name>Natural Gift</Name>
      </TMMove>
    </TMMoves>
    <EggMoves>
      <EggMove>
        <Name>Fake Out</Name>
      </EggMove>
      <EggMove>
        <Name>Meditate</Name>
      </EggMove>
      <EggMove>
        <Name>Wake-Up Slap</Name>
      </EggMove>
      <EggMove>
        <Name>Captivate</Name>
      </EggMove>
      <EggMove>
        <Name>Ice Punch</Name>
      </EggMove>
      <EggMove>
        <Name>Miracle Eye</Name>
      </EggMove>
      <EggMove>
        <Name>Nasty Plot</Name>
      </EggMove>
      <EggMove>
        <Name>Wish</Name>
      </EggMove>
      <EggMove>
        <Name>Psych Up</Name>
      </EggMove>
    </EggMoves>
    <DWMoves />
    <EventMoves />
  </Moves>
</FormEntry>