﻿<?xml version="1.0" encoding="utf-8"?>
<FormEntry>
  <General>
    <FormName>Normal</FormName>
    <Height>1.1</Height>
    <Weight>30</Weight>
    <Male>750</Male>
    <Female>250</Female>
    <BodyStyle />
  </General>
  <BaseStats>
    <HP>65</HP>
    <Atk>83</Atk>
    <Def>57</Def>
    <SpAtk>95</SpAtk>
    <SpDef>85</SpDef>
    <Speed>105</Speed>
  </BaseStats>
  <FormInfo>
    <Type1>Electric</Type1>
    <Type2>None</Type2>
    <Ability1>Static</Ability1>
    <Ability2>None</Ability2>
    <Ability3>Vital Spirit</Ability3>
    <Exp>172</Exp>
  </FormInfo>
  <Moves>
    <LevelUpMoves>
      <LevelUpMove>
        <Level>0</Level>
        <Name>Quick Attack</Name>
      </LevelUpMove>
      <LevelUpMove>
        <Level>0</Level>
        <Name>Leer</Name>
      </LevelUpMove>
      <LevelUpMove>
        <Level>0</Level>
        <Name>Thunder Shock</Name>
      </LevelUpMove>
      <LevelUpMove>
        <Level>5</Level>
        <Name>Thunder Shock</Name>
      </LevelUpMove>
      <LevelUpMove>
        <Level>8</Level>
        <Name>Low Kick</Name>
      </LevelUpMove>
      <LevelUpMove>
        <Level>12</Level>
        <Name>Swift</Name>
      </LevelUpMove>
      <LevelUpMove>
        <Level>15</Level>
        <Name>Shock Wave</Name>
      </LevelUpMove>
      <LevelUpMove>
        <Level>19</Level>
        <Name>Thunder Wave</Name>
      </LevelUpMove>
      <LevelUpMove>
        <Level>22</Level>
        <Name>Electro Ball</Name>
      </LevelUpMove>
      <LevelUpMove>
        <Level>26</Level>
        <Name>Light Screen</Name>
      </LevelUpMove>
      <LevelUpMove>
        <Level>29</Level>
        <Name>Thunder Punch</Name>
      </LevelUpMove>
      <LevelUpMove>
        <Level>36</Level>
        <Name>Discharge</Name>
      </LevelUpMove>
      <LevelUpMove>
        <Level>42</Level>
        <Name>Screech</Name>
      </LevelUpMove>
      <LevelUpMove>
        <Level>49</Level>
        <Name>Thunderbolt</Name>
      </LevelUpMove>
      <LevelUpMove>
        <Level>55</Level>
        <Name>Thunder</Name>
      </LevelUpMove>
    </LevelUpMoves>
    <TMMoves>
      <TMMove>
        <Name>Toxic</Name>
      </TMMove>
      <TMMove>
        <Name>Hidden Power</Name>
      </TMMove>
      <TMMove>
        <Name>Hyper Beam</Name>
      </TMMove>
      <TMMove>
        <Name>Light Screen</Name>
      </TMMove>
      <TMMove>
        <Name>Protect</Name>
      </TMMove>
      <TMMove>
        <Name>Rain Dance</Name>
      </TMMove>
      <TMMove>
        <Name>Frustration</Name>
      </TMMove>
      <TMMove>
        <Name>Thunderbolt</Name>
      </TMMove>
      <TMMove>
        <Name>Thunder</Name>
      </TMMove>
      <TMMove>
        <Name>Return</Name>
      </TMMove>
      <TMMove>
        <Name>Psychic</Name>
      </TMMove>
      <TMMove>
        <Name>Brick Break</Name>
      </TMMove>
      <TMMove>
        <Name>Double Team</Name>
      </TMMove>
      <TMMove>
        <Name>Facade</Name>
      </TMMove>
      <TMMove>
        <Name>Rest</Name>
      </TMMove>
      <TMMove>
        <Name>Attract</Name>
      </TMMove>
      <TMMove>
        <Name>Thief</Name>
      </TMMove>
      <TMMove>
        <Name>Low Sweep</Name>
      </TMMove>
      <TMMove>
        <Name>Round</Name>
      </TMMove>
      <TMMove>
        <Name>Focus Blast</Name>
      </TMMove>
      <TMMove>
        <Name>Fling</Name>
      </TMMove>
      <TMMove>
        <Name>Charge Beam</Name>
      </TMMove>
      <TMMove>
        <Name>Giga Impact</Name>
      </TMMove>
      <TMMove>
        <Name>Flash</Name>
      </TMMove>
      <TMMove>
        <Name>Volt Switch</Name>
      </TMMove>
      <TMMove>
        <Name>Thunder Wave</Name>
      </TMMove>
      <TMMove>
        <Name>Swagger</Name>
      </TMMove>
      <TMMove>
        <Name>Substitute</Name>
      </TMMove>
      <TMMove>
        <Name>Wild Charge</Name>
      </TMMove>
      <TMMove>
        <Name>Rock Smash</Name>
      </TMMove>
      <TMMove>
        <Name>Strength</Name>
      </TMMove>
      <TMMove>
        <Name>Focus Punch</Name>
      </TMMove>
      <TMMove>
        <Name>Iron Tail</Name>
      </TMMove>
      <TMMove>
        <Name>Shock Wave</Name>
      </TMMove>
      <TMMove>
        <Name>Secret Power</Name>
      </TMMove>
      <TMMove>
        <Name>Endure</Name>
      </TMMove>
      <TMMove>
        <Name>Captivate</Name>
      </TMMove>
      <TMMove>
        <Name>Sleep Talk</Name>
      </TMMove>
      <TMMove>
        <Name>Natural Gift</Name>
      </TMMove>
      <TMMove>
        <Name>Rock Climb</Name>
      </TMMove>
    </TMMoves>
    <EggMoves>
      <EggMove>
        <Name>Rolling Kick</Name>
      </EggMove>
      <EggMove>
        <Name>Barrier</Name>
      </EggMove>
      <EggMove>
        <Name>Cross Chop</Name>
      </EggMove>
      <EggMove>
        <Name>Dynamic Punch</Name>
      </EggMove>
      <EggMove>
        <Name>Feint</Name>
      </EggMove>
      <EggMove>
        <Name>Fire Punch</Name>
      </EggMove>
      <EggMove>
        <Name>Focus Punch</Name>
      </EggMove>
      <EggMove>
        <Name>Hammer Arm</Name>
      </EggMove>
      <EggMove>
        <Name>Ice Punch</Name>
      </EggMove>
      <EggMove>
        <Name>Karate Chop</Name>
      </EggMove>
      <EggMove>
        <Name>Meditate</Name>
      </EggMove>
    </EggMoves>
    <DWMoves />
    <EventMoves />
  </Moves>
</FormEntry>