﻿<?xml version="1.0" encoding="utf-8"?>
<FormEntry>
  <General>
    <FormName>Normal</FormName>
    <Height>0.3</Height>
    <Weight>3.2</Weight>
    <Male>500</Male>
    <Female>500</Female>
    <BodyStyle />
  </General>
  <BaseStats>
    <HP>40</HP>
    <Atk>35</Atk>
    <Def>30</Def>
    <SpAtk>20</SpAtk>
    <SpDef>20</SpDef>
    <Speed>50</Speed>
  </BaseStats>
  <FormInfo>
    <Type1>Bug</Type1>
    <Type2>Poison</Type2>
    <Ability1>Shield Dust</Ability1>
    <Ability2>None</Ability2>
    <Ability3>Run Away</Ability3>
    <Exp>39</Exp>
  </FormInfo>
  <Moves>
    <LevelUpMoves>
      <LevelUpMove>
        <Level>0</Level>
        <Name>Poison Sting</Name>
      </LevelUpMove>
      <LevelUpMove>
        <Level>0</Level>
        <Name>String Shot</Name>
      </LevelUpMove>
      <LevelUpMove>
        <Level>15</Level>
        <Name>Bug Bite</Name>
      </LevelUpMove>
    </LevelUpMoves>
    <TMMoves />
    <EggMoves />
    <DWMoves />
    <EventMoves />
  </Moves>
</FormEntry>