﻿<?xml version="1.0" encoding="utf-8"?>
<FormEntry>
  <General>
    <FormName>Normal</FormName>
    <Height>2.5</Height>
    <Weight>220</Weight>
    <Male>500</Male>
    <Female>500</Female>
    <BodyStyle />
  </General>
  <BaseStats>
    <HP>130</HP>
    <Atk>85</Atk>
    <Def>80</Def>
    <SpAtk>85</SpAtk>
    <SpDef>95</SpDef>
    <Speed>60</Speed>
  </BaseStats>
  <FormInfo>
    <Type1>Water</Type1>
    <Type2>Ice</Type2>
    <Ability1>Water Absorb</Ability1>
    <Ability2>Shell Armor</Ability2>
    <Ability3>Hydration</Ability3>
    <Exp>187</Exp>
  </FormInfo>
  <Moves>
    <LevelUpMoves>
      <LevelUpMove>
        <Level>0</Level>
        <Name>Sing</Name>
      </LevelUpMove>
      <LevelUpMove>
        <Level>0</Level>
        <Name>Growl</Name>
      </LevelUpMove>
      <LevelUpMove>
        <Level>0</Level>
        <Name>Water Gun</Name>
      </LevelUpMove>
      <LevelUpMove>
        <Level>4</Level>
        <Name>Mist</Name>
      </LevelUpMove>
      <LevelUpMove>
        <Level>7</Level>
        <Name>Confuse Ray</Name>
      </LevelUpMove>
      <LevelUpMove>
        <Level>10</Level>
        <Name>Ice Shard</Name>
      </LevelUpMove>
      <LevelUpMove>
        <Level>14</Level>
        <Name>Water Pulse</Name>
      </LevelUpMove>
      <LevelUpMove>
        <Level>18</Level>
        <Name>Body Slam</Name>
      </LevelUpMove>
      <LevelUpMove>
        <Level>22</Level>
        <Name>Rain Dance</Name>
      </LevelUpMove>
      <LevelUpMove>
        <Level>27</Level>
        <Name>Perish Song</Name>
      </LevelUpMove>
      <LevelUpMove>
        <Level>32</Level>
        <Name>Ice Beam</Name>
      </LevelUpMove>
      <LevelUpMove>
        <Level>37</Level>
        <Name>Brine</Name>
      </LevelUpMove>
      <LevelUpMove>
        <Level>43</Level>
        <Name>Safeguard</Name>
      </LevelUpMove>
      <LevelUpMove>
        <Level>47</Level>
        <Name>Hydro Pump</Name>
      </LevelUpMove>
      <LevelUpMove>
        <Level>50</Level>
        <Name>Sheer Cold</Name>
      </LevelUpMove>
    </LevelUpMoves>
    <TMMoves>
      <TMMove>
        <Name>Roar</Name>
      </TMMove>
      <TMMove>
        <Name>Toxic</Name>
      </TMMove>
      <TMMove>
        <Name>Hail</Name>
      </TMMove>
      <TMMove>
        <Name>Hidden Power</Name>
      </TMMove>
      <TMMove>
        <Name>Ice Beam</Name>
      </TMMove>
      <TMMove>
        <Name>Blizzard</Name>
      </TMMove>
      <TMMove>
        <Name>Hyper Beam</Name>
      </TMMove>
      <TMMove>
        <Name>Protect</Name>
      </TMMove>
      <TMMove>
        <Name>Safeguard</Name>
      </TMMove>
      <TMMove>
        <Name>Frustration</Name>
      </TMMove>
      <TMMove>
        <Name>Thunderbolt</Name>
      </TMMove>
      <TMMove>
        <Name>Thunder</Name>
      </TMMove>
      <TMMove>
        <Name>Return</Name>
      </TMMove>
      <TMMove>
        <Name>Psychic</Name>
      </TMMove>
      <TMMove>
        <Name>Double Team</Name>
      </TMMove>
      <TMMove>
        <Name>Facade</Name>
      </TMMove>
      <TMMove>
        <Name>Rest</Name>
      </TMMove>
      <TMMove>
        <Name>Attract</Name>
      </TMMove>
      <TMMove>
        <Name>Round</Name>
      </TMMove>
      <TMMove>
        <Name>Echoed Voice</Name>
      </TMMove>
      <TMMove>
        <Name>Giga Impact</Name>
      </TMMove>
      <TMMove>
        <Name>Bulldoze</Name>
      </TMMove>
      <TMMove>
        <Name>Frost Breath</Name>
      </TMMove>
      <TMMove>
        <Name>Swagger</Name>
      </TMMove>
      <TMMove>
        <Name>Sleep Talk</Name>
      </TMMove>
      <TMMove>
        <Name>Substitute</Name>
      </TMMove>
      <TMMove>
        <Name>Rock Smash</Name>
      </TMMove>
      <TMMove>
        <Name>Confide</Name>
      </TMMove>
      <TMMove>
        <Name>Surf</Name>
      </TMMove>
      <TMMove>
        <Name>Strength</Name>
      </TMMove>
      <TMMove>
        <Name>Waterfall</Name>
      </TMMove>
      <TMMove>
        <Name>Rain Dance</Name>
      </TMMove>
      <TMMove>
        <Name>Dream Eater</Name>
      </TMMove>
      <TMMove>
        <Name>Dive</Name>
      </TMMove>
      <TMMove>
        <Name>Water Pulse</Name>
      </TMMove>
      <TMMove>
        <Name>Iron Tail</Name>
      </TMMove>
      <TMMove>
        <Name>Shock Wave</Name>
      </TMMove>
      <TMMove>
        <Name>Secret Power</Name>
      </TMMove>
      <TMMove>
        <Name>Brine</Name>
      </TMMove>
      <TMMove>
        <Name>Endure</Name>
      </TMMove>
      <TMMove>
        <Name>Dragon Pulse</Name>
      </TMMove>
      <TMMove>
        <Name>Avalanche</Name>
      </TMMove>
      <TMMove>
        <Name>Captivate</Name>
      </TMMove>
      <TMMove>
        <Name>Natural Gift</Name>
      </TMMove>
      <TMMove>
        <Name>Whirlpool</Name>
      </TMMove>
    </TMMoves>
    <EggMoves>
      <EggMove>
        <Name>Ancient Power</Name>
      </EggMove>
      <EggMove>
        <Name>Avalanche</Name>
      </EggMove>
      <EggMove>
        <Name>Dragon Pulse</Name>
      </EggMove>
      <EggMove>
        <Name>Freeze-Dry</Name>
      </EggMove>
      <EggMove>
        <Name>Curse</Name>
      </EggMove>
      <EggMove>
        <Name>Dragon Dance</Name>
      </EggMove>
      <EggMove>
        <Name>Fissure</Name>
      </EggMove>
      <EggMove>
        <Name>Foresight</Name>
      </EggMove>
      <EggMove>
        <Name>Future Sight</Name>
      </EggMove>
      <EggMove>
        <Name>Horn Drill</Name>
      </EggMove>
      <EggMove>
        <Name>Refresh</Name>
      </EggMove>
      <EggMove>
        <Name>Sleep Talk</Name>
      </EggMove>
      <EggMove>
        <Name>Tickle</Name>
      </EggMove>
      <EggMove>
        <Name>Whirlpool</Name>
      </EggMove>
      <EggMove>
        <Name>Substitute</Name>
      </EggMove>
    </EggMoves>
    <DWMoves />
    <EventMoves>
      <EventMove>
        <Name>Horn Drill</Name>
      </EventMove>
      <EventMove>
        <Name>Icy Wind</Name>
      </EventMove>
    </EventMoves>
  </Moves>
</FormEntry>