﻿<?xml version="1.0" encoding="utf-8"?>
<FormEntry>
  <General>
    <FormName>Normal</FormName>
    <Height>0.3</Height>
    <Weight>4</Weight>
    <Male>0</Male>
    <Female>0</Female>
    <BodyStyle />
  </General>
  <BaseStats>
    <HP>48</HP>
    <Atk>48</Atk>
    <Def>48</Def>
    <SpAtk>48</SpAtk>
    <SpDef>48</SpDef>
    <Speed>48</Speed>
  </BaseStats>
  <FormInfo>
    <Type1>Normal</Type1>
    <Type2>None</Type2>
    <Ability1>Limber</Ability1>
    <Ability2>None</Ability2>
    <Ability3>Imposter</Ability3>
    <Exp>101</Exp>
  </FormInfo>
  <Moves>
    <LevelUpMoves>
      <LevelUpMove>
        <Level>0</Level>
        <Name>Transform</Name>
      </LevelUpMove>
    </LevelUpMoves>
    <TMMoves />
    <EggMoves />
    <DWMoves />
    <EventMoves />
  </Moves>
</FormEntry>