﻿<?xml version="1.0" encoding="utf-8"?>
<FormEntry>
  <General>
    <FormName>Normal</FormName>
    <Height>0.9</Height>
    <Weight>25</Weight>
    <Male>875</Male>
    <Female>125</Female>
    <BodyStyle />
  </General>
  <BaseStats>
    <HP>65</HP>
    <Atk>130</Atk>
    <Def>60</Def>
    <SpAtk>95</SpAtk>
    <SpDef>110</SpDef>
    <Speed>65</Speed>
  </BaseStats>
  <FormInfo>
    <Type1>Fire</Type1>
    <Type2>None</Type2>
    <Ability1>Flash Fire</Ability1>
    <Ability2>None</Ability2>
    <Ability3>Guts</Ability3>
    <Exp>184</Exp>
  </FormInfo>
  <Moves>
    <LevelUpMoves>
      <LevelUpMove>
        <Level>0</Level>
        <Name>Helping Hand</Name>
      </LevelUpMove>
      <LevelUpMove>
        <Level>0</Level>
        <Name>Tackle</Name>
      </LevelUpMove>
      <LevelUpMove>
        <Level>0</Level>
        <Name>Tail Whip</Name>
      </LevelUpMove>
      <LevelUpMove>
        <Level>5</Level>
        <Name>Sand Attack</Name>
      </LevelUpMove>
      <LevelUpMove>
        <Level>9</Level>
        <Name>Ember</Name>
      </LevelUpMove>
      <LevelUpMove>
        <Level>13</Level>
        <Name>Quick Attack</Name>
      </LevelUpMove>
      <LevelUpMove>
        <Level>17</Level>
        <Name>Bite</Name>
      </LevelUpMove>
      <LevelUpMove>
        <Level>20</Level>
        <Name>Fire Fang</Name>
      </LevelUpMove>
      <LevelUpMove>
        <Level>25</Level>
        <Name>Fire Spin</Name>
      </LevelUpMove>
      <LevelUpMove>
        <Level>29</Level>
        <Name>Scary Face</Name>
      </LevelUpMove>
      <LevelUpMove>
        <Level>33</Level>
        <Name>Smog</Name>
      </LevelUpMove>
      <LevelUpMove>
        <Level>37</Level>
        <Name>Lava Plume</Name>
      </LevelUpMove>
      <LevelUpMove>
        <Level>41</Level>
        <Name>Last Resort</Name>
      </LevelUpMove>
      <LevelUpMove>
        <Level>45</Level>
        <Name>Flare Blitz</Name>
      </LevelUpMove>
    </LevelUpMoves>
    <TMMoves>
      <TMMove>
        <Name>Roar</Name>
      </TMMove>
      <TMMove>
        <Name>Toxic</Name>
      </TMMove>
      <TMMove>
        <Name>Hidden Power</Name>
      </TMMove>
      <TMMove>
        <Name>Sunny Day</Name>
      </TMMove>
      <TMMove>
        <Name>Hyper Beam</Name>
      </TMMove>
      <TMMove>
        <Name>Protect</Name>
      </TMMove>
      <TMMove>
        <Name>Rain Dance</Name>
      </TMMove>
      <TMMove>
        <Name>Frustration</Name>
      </TMMove>
      <TMMove>
        <Name>Return</Name>
      </TMMove>
      <TMMove>
        <Name>Dig</Name>
      </TMMove>
      <TMMove>
        <Name>Shadow Ball</Name>
      </TMMove>
      <TMMove>
        <Name>Double Team</Name>
      </TMMove>
      <TMMove>
        <Name>Flamethrower</Name>
      </TMMove>
      <TMMove>
        <Name>Fire Blast</Name>
      </TMMove>
      <TMMove>
        <Name>Facade</Name>
      </TMMove>
      <TMMove>
        <Name>Flame Charge</Name>
      </TMMove>
      <TMMove>
        <Name>Rest</Name>
      </TMMove>
      <TMMove>
        <Name>Attract</Name>
      </TMMove>
      <TMMove>
        <Name>Round</Name>
      </TMMove>
      <TMMove>
        <Name>Echoed Voice</Name>
      </TMMove>
      <TMMove>
        <Name>Overheat</Name>
      </TMMove>
      <TMMove>
        <Name>Incinerate</Name>
      </TMMove>
      <TMMove>
        <Name>Will-O-Wisp</Name>
      </TMMove>
      <TMMove>
        <Name>Retaliate</Name>
      </TMMove>
      <TMMove>
        <Name>Giga Impact</Name>
      </TMMove>
      <TMMove>
        <Name>Swagger</Name>
      </TMMove>
      <TMMove>
        <Name>Sleep Talk</Name>
      </TMMove>
      <TMMove>
        <Name>Substitute</Name>
      </TMMove>
      <TMMove>
        <Name>Rock Smash</Name>
      </TMMove>
      <TMMove>
        <Name>Confide</Name>
      </TMMove>
      <TMMove>
        <Name>Strength</Name>
      </TMMove>
      <TMMove>
        <Name>Work Up</Name>
      </TMMove>
      <TMMove>
        <Name>Iron Tail</Name>
      </TMMove>
      <TMMove>
        <Name>Secret Power</Name>
      </TMMove>
      <TMMove>
        <Name>Endure</Name>
      </TMMove>
      <TMMove>
        <Name>Captivate</Name>
      </TMMove>
      <TMMove>
        <Name>Natural Gift</Name>
      </TMMove>
    </TMMoves>
    <EggMoves>
      <EggMove>
        <Name>Captivate</Name>
      </EggMove>
      <EggMove>
        <Name>Charm</Name>
      </EggMove>
      <EggMove>
        <Name>Covet</Name>
      </EggMove>
      <EggMove>
        <Name>Curse</Name>
      </EggMove>
      <EggMove>
        <Name>Detect</Name>
      </EggMove>
      <EggMove>
        <Name>Endure</Name>
      </EggMove>
      <EggMove>
        <Name>Fake Tears</Name>
      </EggMove>
      <EggMove>
        <Name>Flail</Name>
      </EggMove>
      <EggMove>
        <Name>Natural Gift</Name>
      </EggMove>
      <EggMove>
        <Name>Stored Power</Name>
      </EggMove>
      <EggMove>
        <Name>Synchronoise</Name>
      </EggMove>
      <EggMove>
        <Name>Tickle</Name>
      </EggMove>
      <EggMove>
        <Name>Wish</Name>
      </EggMove>
      <EggMove>
        <Name>Yawn</Name>
      </EggMove>
    </EggMoves>
    <DWMoves />
    <EventMoves>
      <EventMove>
        <Name>Celebrate</Name>
      </EventMove>
    </EventMoves>
  </Moves>
</FormEntry>