﻿<?xml version="1.0" encoding="utf-8"?>
<FormEntry>
  <General>
    <FormName>Normal</FormName>
    <Height>0.4</Height>
    <Weight>7.5</Weight>
    <Male>875</Male>
    <Female>125</Female>
    <BodyStyle />
  </General>
  <BaseStats>
    <HP>35</HP>
    <Atk>40</Atk>
    <Def>100</Def>
    <SpAtk>90</SpAtk>
    <SpDef>55</SpDef>
    <Speed>35</Speed>
  </BaseStats>
  <FormInfo>
    <Type1>Rock</Type1>
    <Type2>Water</Type2>
    <Ability1>Swift Swim</Ability1>
    <Ability2>Shell Armor</Ability2>
    <Ability3>Weak Armor</Ability3>
    <Exp>71</Exp>
  </FormInfo>
  <Moves>
    <LevelUpMoves>
      <LevelUpMove>
        <Level>0</Level>
        <Name>Constrict</Name>
      </LevelUpMove>
      <LevelUpMove>
        <Level>0</Level>
        <Name>Withdraw</Name>
      </LevelUpMove>
      <LevelUpMove>
        <Level>7</Level>
        <Name>Bite</Name>
      </LevelUpMove>
      <LevelUpMove>
        <Level>10</Level>
        <Name>Water Gun</Name>
      </LevelUpMove>
      <LevelUpMove>
        <Level>16</Level>
        <Name>Rollout</Name>
      </LevelUpMove>
      <LevelUpMove>
        <Level>19</Level>
        <Name>Leer</Name>
      </LevelUpMove>
      <LevelUpMove>
        <Level>25</Level>
        <Name>Mud Shot</Name>
      </LevelUpMove>
      <LevelUpMove>
        <Level>28</Level>
        <Name>Brine</Name>
      </LevelUpMove>
      <LevelUpMove>
        <Level>34</Level>
        <Name>Protect</Name>
      </LevelUpMove>
      <LevelUpMove>
        <Level>37</Level>
        <Name>Ancient Power</Name>
      </LevelUpMove>
      <LevelUpMove>
        <Level>43</Level>
        <Name>Tickle</Name>
      </LevelUpMove>
      <LevelUpMove>
        <Level>46</Level>
        <Name>Rock Blast</Name>
      </LevelUpMove>
      <LevelUpMove>
        <Level>52</Level>
        <Name>Shell Smash</Name>
      </LevelUpMove>
      <LevelUpMove>
        <Level>55</Level>
        <Name>Hydro Pump</Name>
      </LevelUpMove>
    </LevelUpMoves>
    <TMMoves>
      <TMMove>
        <Name>Toxic</Name>
      </TMMove>
      <TMMove>
        <Name>Hidden Power</Name>
      </TMMove>
      <TMMove>
        <Name>Ice Beam</Name>
      </TMMove>
      <TMMove>
        <Name>Protect</Name>
      </TMMove>
      <TMMove>
        <Name>Frustration</Name>
      </TMMove>
      <TMMove>
        <Name>Return</Name>
      </TMMove>
      <TMMove>
        <Name>Double Team</Name>
      </TMMove>
      <TMMove>
        <Name>Rock Tomb</Name>
      </TMMove>
      <TMMove>
        <Name>Facade</Name>
      </TMMove>
      <TMMove>
        <Name>Rest</Name>
      </TMMove>
      <TMMove>
        <Name>Attract</Name>
      </TMMove>
      <TMMove>
        <Name>Thief</Name>
      </TMMove>
      <TMMove>
        <Name>Round</Name>
      </TMMove>
      <TMMove>
        <Name>Scald</Name>
      </TMMove>
      <TMMove>
        <Name>Rock Polish</Name>
      </TMMove>
      <TMMove>
        <Name>Gyro Ball</Name>
      </TMMove>
      <TMMove>
        <Name>Rock Slide</Name>
      </TMMove>
      <TMMove>
        <Name>Swagger</Name>
      </TMMove>
      <TMMove>
        <Name>Sleep Talk</Name>
      </TMMove>
      <TMMove>
        <Name>Substitute</Name>
      </TMMove>
      <TMMove>
        <Name>Rock Smash</Name>
      </TMMove>
      <TMMove>
        <Name>Confide</Name>
      </TMMove>
      <TMMove>
        <Name>Surf</Name>
      </TMMove>
      <TMMove>
        <Name>Waterfall</Name>
      </TMMove>
      <TMMove>
        <Name>Hail</Name>
      </TMMove>
      <TMMove>
        <Name>Blizzard</Name>
      </TMMove>
      <TMMove>
        <Name>Rain Dance</Name>
      </TMMove>
      <TMMove>
        <Name>Smack Down</Name>
      </TMMove>
      <TMMove>
        <Name>Sandstorm</Name>
      </TMMove>
      <TMMove>
        <Name>Dive</Name>
      </TMMove>
      <TMMove>
        <Name>Water Pulse</Name>
      </TMMove>
      <TMMove>
        <Name>Secret Power</Name>
      </TMMove>
      <TMMove>
        <Name>Brine</Name>
      </TMMove>
      <TMMove>
        <Name>Endure</Name>
      </TMMove>
      <TMMove>
        <Name>Stealth Rock</Name>
      </TMMove>
      <TMMove>
        <Name>Captivate</Name>
      </TMMove>
      <TMMove>
        <Name>Natural Gift</Name>
      </TMMove>
      <TMMove>
        <Name>Whirlpool</Name>
      </TMMove>
    </TMMoves>
    <EggMoves>
      <EggMove>
        <Name>Muddy Water</Name>
      </EggMove>
      <EggMove>
        <Name>Reflect Type</Name>
      </EggMove>
      <EggMove>
        <Name>Spikes</Name>
      </EggMove>
      <EggMove>
        <Name>Toxic Spikes</Name>
      </EggMove>
      <EggMove>
        <Name>Aurora Beam</Name>
      </EggMove>
      <EggMove>
        <Name>Bide</Name>
      </EggMove>
      <EggMove>
        <Name>Bubble Beam</Name>
      </EggMove>
      <EggMove>
        <Name>Haze</Name>
      </EggMove>
      <EggMove>
        <Name>Knock Off</Name>
      </EggMove>
      <EggMove>
        <Name>Slam</Name>
      </EggMove>
      <EggMove>
        <Name>Supersonic</Name>
      </EggMove>
      <EggMove>
        <Name>Water Pulse</Name>
      </EggMove>
      <EggMove>
        <Name>Whirlpool</Name>
      </EggMove>
      <EggMove>
        <Name>Wring Out</Name>
      </EggMove>
      <EggMove>
        <Name>Rock Slide</Name>
      </EggMove>
    </EggMoves>
    <DWMoves />
    <EventMoves>
      <EventMove>
        <Name>Icy Wind</Name>
      </EventMove>
      <EventMove>
        <Name>Muddy Water</Name>
      </EventMove>
    </EventMoves>
  </Moves>
</FormEntry>