﻿<?xml version="1.0" encoding="utf-8"?>
<FormEntry>
  <General>
    <FormName>Normal</FormName>
    <Height>1.8</Height>
    <Weight>3.3</Weight>
    <Male>500</Male>
    <Female>500</Female>
    <BodyStyle />
  </General>
  <BaseStats>
    <HP>41</HP>
    <Atk>64</Atk>
    <Def>45</Def>
    <SpAtk>50</SpAtk>
    <SpDef>50</SpDef>
    <Speed>50</Speed>
  </BaseStats>
  <FormInfo>
    <Type1>Dragon</Type1>
    <Type2>None</Type2>
    <Ability1>Shed Skin</Ability1>
    <Ability2>None</Ability2>
    <Ability3>Marvel Scale</Ability3>
    <Exp>60</Exp>
  </FormInfo>
  <Moves>
    <LevelUpMoves>
      <LevelUpMove>
        <Level>0</Level>
        <Name>Wrap</Name>
      </LevelUpMove>
      <LevelUpMove>
        <Level>0</Level>
        <Name>Leer</Name>
      </LevelUpMove>
      <LevelUpMove>
        <Level>5</Level>
        <Name>Thunder Wave</Name>
      </LevelUpMove>
      <LevelUpMove>
        <Level>11</Level>
        <Name>Twister</Name>
      </LevelUpMove>
      <LevelUpMove>
        <Level>15</Level>
        <Name>Dragon Rage</Name>
      </LevelUpMove>
      <LevelUpMove>
        <Level>21</Level>
        <Name>Slam</Name>
      </LevelUpMove>
      <LevelUpMove>
        <Level>25</Level>
        <Name>Agility</Name>
      </LevelUpMove>
      <LevelUpMove>
        <Level>31</Level>
        <Name>Dragon Tail</Name>
      </LevelUpMove>
      <LevelUpMove>
        <Level>35</Level>
        <Name>Aqua Tail</Name>
      </LevelUpMove>
      <LevelUpMove>
        <Level>41</Level>
        <Name>Dragon Rush</Name>
      </LevelUpMove>
      <LevelUpMove>
        <Level>45</Level>
        <Name>Safeguard</Name>
      </LevelUpMove>
      <LevelUpMove>
        <Level>51</Level>
        <Name>Dragon Dance</Name>
      </LevelUpMove>
      <LevelUpMove>
        <Level>55</Level>
        <Name>Outrage</Name>
      </LevelUpMove>
      <LevelUpMove>
        <Level>61</Level>
        <Name>Hyper Beam</Name>
      </LevelUpMove>
    </LevelUpMoves>
    <TMMoves>
      <TMMove>
        <Name>Toxic</Name>
      </TMMove>
      <TMMove>
        <Name>Hail</Name>
      </TMMove>
      <TMMove>
        <Name>Hidden Power</Name>
      </TMMove>
      <TMMove>
        <Name>Sunny Day</Name>
      </TMMove>
      <TMMove>
        <Name>Ice Beam</Name>
      </TMMove>
      <TMMove>
        <Name>Blizzard</Name>
      </TMMove>
      <TMMove>
        <Name>Hyper Beam</Name>
      </TMMove>
      <TMMove>
        <Name>Light Screen</Name>
      </TMMove>
      <TMMove>
        <Name>Protect</Name>
      </TMMove>
      <TMMove>
        <Name>Rain Dance</Name>
      </TMMove>
      <TMMove>
        <Name>Safeguard</Name>
      </TMMove>
      <TMMove>
        <Name>Frustration</Name>
      </TMMove>
      <TMMove>
        <Name>Thunderbolt</Name>
      </TMMove>
      <TMMove>
        <Name>Thunder</Name>
      </TMMove>
      <TMMove>
        <Name>Return</Name>
      </TMMove>
      <TMMove>
        <Name>Double Team</Name>
      </TMMove>
      <TMMove>
        <Name>Flamethrower</Name>
      </TMMove>
      <TMMove>
        <Name>Fire Blast</Name>
      </TMMove>
      <TMMove>
        <Name>Facade</Name>
      </TMMove>
      <TMMove>
        <Name>Rest</Name>
      </TMMove>
      <TMMove>
        <Name>Attract</Name>
      </TMMove>
      <TMMove>
        <Name>Round</Name>
      </TMMove>
      <TMMove>
        <Name>Incinerate</Name>
      </TMMove>
      <TMMove>
        <Name>Thunder Wave</Name>
      </TMMove>
      <TMMove>
        <Name>Dragon Tail</Name>
      </TMMove>
      <TMMove>
        <Name>Swagger</Name>
      </TMMove>
      <TMMove>
        <Name>Sleep Talk</Name>
      </TMMove>
      <TMMove>
        <Name>Substitute</Name>
      </TMMove>
      <TMMove>
        <Name>Confide</Name>
      </TMMove>
      <TMMove>
        <Name>Surf</Name>
      </TMMove>
      <TMMove>
        <Name>Waterfall</Name>
      </TMMove>
      <TMMove>
        <Name>Water Pulse</Name>
      </TMMove>
      <TMMove>
        <Name>Iron Tail</Name>
      </TMMove>
      <TMMove>
        <Name>Shock Wave</Name>
      </TMMove>
      <TMMove>
        <Name>Secret Power</Name>
      </TMMove>
      <TMMove>
        <Name>Endure</Name>
      </TMMove>
      <TMMove>
        <Name>Dragon Pulse</Name>
      </TMMove>
      <TMMove>
        <Name>Captivate</Name>
      </TMMove>
      <TMMove>
        <Name>Natural Gift</Name>
      </TMMove>
      <TMMove>
        <Name>Whirlpool</Name>
      </TMMove>
    </TMMoves>
    <EggMoves>
      <EggMove>
        <Name>Aqua Jet</Name>
      </EggMove>
      <EggMove>
        <Name>Dragon Pulse</Name>
      </EggMove>
      <EggMove>
        <Name>Dragon Rush</Name>
      </EggMove>
      <EggMove>
        <Name>Extreme Speed</Name>
      </EggMove>
      <EggMove>
        <Name>Dragon Breath</Name>
      </EggMove>
      <EggMove>
        <Name>Dragon Dance</Name>
      </EggMove>
      <EggMove>
        <Name>Haze</Name>
      </EggMove>
      <EggMove>
        <Name>Iron Tail</Name>
      </EggMove>
      <EggMove>
        <Name>Mist</Name>
      </EggMove>
      <EggMove>
        <Name>Supersonic</Name>
      </EggMove>
      <EggMove>
        <Name>Water Pulse</Name>
      </EggMove>
      <EggMove>
        <Name>Light Screen</Name>
      </EggMove>
    </EggMoves>
    <DWMoves />
    <EventMoves>
      <EventMove>
        <Name>Dragon Breath</Name>
      </EventMove>
      <EventMove>
        <Name>Water Pulse</Name>
      </EventMove>
      <EventMove>
        <Name>Extreme Speed</Name>
      </EventMove>
    </EventMoves>
  </Moves>
</FormEntry>