﻿<?xml version="1.0" encoding="utf-8"?>
<FormEntry>
  <General>
    <FormName>Normal</FormName>
    <Height>2</Height>
    <Weight>122</Weight>
    <Male>0</Male>
    <Female>0</Female>
    <BodyStyle />
  </General>
  <BaseStats>
    <HP>106</HP>
    <Atk>110</Atk>
    <Def>90</Def>
    <SpAtk>154</SpAtk>
    <SpDef>90</SpDef>
    <Speed>130</Speed>
  </BaseStats>
  <FormInfo>
    <Type1>Psychic</Type1>
    <Type2>None</Type2>
    <Ability1>Pressure</Ability1>
    <Ability2>None</Ability2>
    <Ability3>Unnerve</Ability3>
    <Exp>306</Exp>
  </FormInfo>
  <Moves>
    <LevelUpMoves>
      <LevelUpMove>
        <Level>0</Level>
        <Name>Confusion</Name>
      </LevelUpMove>
      <LevelUpMove>
        <Level>0</Level>
        <Name>Disable</Name>
      </LevelUpMove>
      <LevelUpMove>
        <Level>0</Level>
        <Name>Safeguard</Name>
      </LevelUpMove>
      <LevelUpMove>
        <Level>8</Level>
        <Name>Swift</Name>
      </LevelUpMove>
      <LevelUpMove>
        <Level>15</Level>
        <Name>Future Sight</Name>
      </LevelUpMove>
      <LevelUpMove>
        <Level>22</Level>
        <Name>Psych Up</Name>
      </LevelUpMove>
      <LevelUpMove>
        <Level>29</Level>
        <Name>Miracle Eye</Name>
      </LevelUpMove>
      <LevelUpMove>
        <Level>36</Level>
        <Name>Psycho Cut</Name>
      </LevelUpMove>
      <LevelUpMove>
        <Level>43</Level>
        <Name>Power Swap</Name>
      </LevelUpMove>
      <LevelUpMove>
        <Level>43</Level>
        <Name>Guard Swap</Name>
      </LevelUpMove>
      <LevelUpMove>
        <Level>50</Level>
        <Name>Recover</Name>
      </LevelUpMove>
      <LevelUpMove>
        <Level>57</Level>
        <Name>Psychic</Name>
      </LevelUpMove>
      <LevelUpMove>
        <Level>64</Level>
        <Name>Barrier</Name>
      </LevelUpMove>
      <LevelUpMove>
        <Level>70</Level>
        <Name>Aura Sphere</Name>
      </LevelUpMove>
      <LevelUpMove>
        <Level>79</Level>
        <Name>Amnesia</Name>
      </LevelUpMove>
      <LevelUpMove>
        <Level>86</Level>
        <Name>Mist</Name>
      </LevelUpMove>
      <LevelUpMove>
        <Level>93</Level>
        <Name>Me First</Name>
      </LevelUpMove>
      <LevelUpMove>
        <Level>100</Level>
        <Name>Psystrike</Name>
      </LevelUpMove>
    </LevelUpMoves>
    <TMMoves>
      <TMMove>
        <Name>Psyshock</Name>
      </TMMove>
      <TMMove>
        <Name>Calm Mind</Name>
      </TMMove>
      <TMMove>
        <Name>Toxic</Name>
      </TMMove>
      <TMMove>
        <Name>Hail</Name>
      </TMMove>
      <TMMove>
        <Name>Bulk Up</Name>
      </TMMove>
      <TMMove>
        <Name>Hidden Power</Name>
      </TMMove>
      <TMMove>
        <Name>Sunny Day</Name>
      </TMMove>
      <TMMove>
        <Name>Taunt</Name>
      </TMMove>
      <TMMove>
        <Name>Ice Beam</Name>
      </TMMove>
      <TMMove>
        <Name>Blizzard</Name>
      </TMMove>
      <TMMove>
        <Name>Hyper Beam</Name>
      </TMMove>
      <TMMove>
        <Name>Light Screen</Name>
      </TMMove>
      <TMMove>
        <Name>Protect</Name>
      </TMMove>
      <TMMove>
        <Name>Rain Dance</Name>
      </TMMove>
      <TMMove>
        <Name>Safeguard</Name>
      </TMMove>
      <TMMove>
        <Name>Frustration</Name>
      </TMMove>
      <TMMove>
        <Name>Solar Beam</Name>
      </TMMove>
      <TMMove>
        <Name>Thunderbolt</Name>
      </TMMove>
      <TMMove>
        <Name>Thunder</Name>
      </TMMove>
      <TMMove>
        <Name>Earthquake</Name>
      </TMMove>
      <TMMove>
        <Name>Return</Name>
      </TMMove>
      <TMMove>
        <Name>Psychic</Name>
      </TMMove>
      <TMMove>
        <Name>Shadow Ball</Name>
      </TMMove>
      <TMMove>
        <Name>Brick Break</Name>
      </TMMove>
      <TMMove>
        <Name>Double Team</Name>
      </TMMove>
      <TMMove>
        <Name>Reflect</Name>
      </TMMove>
      <TMMove>
        <Name>Flamethrower</Name>
      </TMMove>
      <TMMove>
        <Name>Sandstorm</Name>
      </TMMove>
      <TMMove>
        <Name>Fire Blast</Name>
      </TMMove>
      <TMMove>
        <Name>Rock Tomb</Name>
      </TMMove>
      <TMMove>
        <Name>Aerial Ace</Name>
      </TMMove>
      <TMMove>
        <Name>Torment</Name>
      </TMMove>
      <TMMove>
        <Name>Facade</Name>
      </TMMove>
      <TMMove>
        <Name>Rest</Name>
      </TMMove>
      <TMMove>
        <Name>Low Sweep</Name>
      </TMMove>
      <TMMove>
        <Name>Round</Name>
      </TMMove>
      <TMMove>
        <Name>Focus Blast</Name>
      </TMMove>
      <TMMove>
        <Name>Energy Ball</Name>
      </TMMove>
      <TMMove>
        <Name>Fling</Name>
      </TMMove>
      <TMMove>
        <Name>Charge Beam</Name>
      </TMMove>
      <TMMove>
        <Name>Incinerate</Name>
      </TMMove>
      <TMMove>
        <Name>Will-O-Wisp</Name>
      </TMMove>
      <TMMove>
        <Name>Embargo</Name>
      </TMMove>
      <TMMove>
        <Name>Giga Impact</Name>
      </TMMove>
      <TMMove>
        <Name>Flash</Name>
      </TMMove>
      <TMMove>
        <Name>Stone Edge</Name>
      </TMMove>
      <TMMove>
        <Name>Thunder Wave</Name>
      </TMMove>
      <TMMove>
        <Name>Psych Up</Name>
      </TMMove>
      <TMMove>
        <Name>Bulldoze</Name>
      </TMMove>
      <TMMove>
        <Name>Rock Slide</Name>
      </TMMove>
      <TMMove>
        <Name>Poison Jab</Name>
      </TMMove>
      <TMMove>
        <Name>Dream Eater</Name>
      </TMMove>
      <TMMove>
        <Name>Grass Knot</Name>
      </TMMove>
      <TMMove>
        <Name>Swagger</Name>
      </TMMove>
      <TMMove>
        <Name>Sleep Talk</Name>
      </TMMove>
      <TMMove>
        <Name>Substitute</Name>
      </TMMove>
      <TMMove>
        <Name>Trick Room</Name>
      </TMMove>
      <TMMove>
        <Name>Rock Smash</Name>
      </TMMove>
      <TMMove>
        <Name>Power-Up Punch</Name>
      </TMMove>
      <TMMove>
        <Name>Confide</Name>
      </TMMove>
      <TMMove>
        <Name>Strength</Name>
      </TMMove>
      <TMMove>
        <Name>Telekinesis</Name>
      </TMMove>
      <TMMove>
        <Name>Focus Punch</Name>
      </TMMove>
      <TMMove>
        <Name>Water Pulse</Name>
      </TMMove>
      <TMMove>
        <Name>Iron Tail</Name>
      </TMMove>
      <TMMove>
        <Name>Shock Wave</Name>
      </TMMove>
      <TMMove>
        <Name>Secret Power</Name>
      </TMMove>
      <TMMove>
        <Name>Skill Swap</Name>
      </TMMove>
      <TMMove>
        <Name>Snatch</Name>
      </TMMove>
      <TMMove>
        <Name>Endure</Name>
      </TMMove>
      <TMMove>
        <Name>Drain Punch</Name>
      </TMMove>
      <TMMove>
        <Name>Recycle</Name>
      </TMMove>
      <TMMove>
        <Name>Avalanche</Name>
      </TMMove>
      <TMMove>
        <Name>Natural Gift</Name>
      </TMMove>
      <TMMove>
        <Name>Rock Climb</Name>
      </TMMove>
    </TMMoves>
    <EggMoves />
    <DWMoves />
    <EventMoves>
      <EventMove>
        <Name>Psystrike</Name>
      </EventMove>
      <EventMove>
        <Name>Aura Sphere</Name>
      </EventMove>
      <EventMove>
        <Name>Electro Ball</Name>
      </EventMove>
      <EventMove>
        <Name>Heal Pulse</Name>
      </EventMove>
      <EventMove>
        <Name>Hurricane</Name>
      </EventMove>
    </EventMoves>
  </Moves>
</FormEntry>