﻿<?xml version="1.0" encoding="utf-8"?>
<FormEntry>
  <General>
    <FormName>Normal</FormName>
    <Height>0.9</Height>
    <Weight>6.4</Weight>
    <Male>875</Male>
    <Female>125</Female>
    <BodyStyle />
  </General>
  <BaseStats>
    <HP>45</HP>
    <Atk>49</Atk>
    <Def>65</Def>
    <SpAtk>49</SpAtk>
    <SpDef>65</SpDef>
    <Speed>45</Speed>
  </BaseStats>
  <FormInfo>
    <Type1>Grass</Type1>
    <Type2>None</Type2>
    <Ability1>Overgrow</Ability1>
    <Ability2>None</Ability2>
    <Ability3>Leaf Guard</Ability3>
    <Exp>64</Exp>
  </FormInfo>
  <Moves>
    <LevelUpMoves>
      <LevelUpMove>
        <Level>0</Level>
        <Name>Tackle</Name>
      </LevelUpMove>
      <LevelUpMove>
        <Level>0</Level>
        <Name>Growl</Name>
      </LevelUpMove>
      <LevelUpMove>
        <Level>6</Level>
        <Name>Razor Leaf</Name>
      </LevelUpMove>
      <LevelUpMove>
        <Level>9</Level>
        <Name>Poison Powder</Name>
      </LevelUpMove>
      <LevelUpMove>
        <Level>12</Level>
        <Name>Synthesis</Name>
      </LevelUpMove>
      <LevelUpMove>
        <Level>17</Level>
        <Name>Reflect</Name>
      </LevelUpMove>
      <LevelUpMove>
        <Level>20</Level>
        <Name>Magical Leaf</Name>
      </LevelUpMove>
      <LevelUpMove>
        <Level>23</Level>
        <Name>Natural Gift</Name>
      </LevelUpMove>
      <LevelUpMove>
        <Level>28</Level>
        <Name>Sweet Scent</Name>
      </LevelUpMove>
      <LevelUpMove>
        <Level>31</Level>
        <Name>Light Screen</Name>
      </LevelUpMove>
      <LevelUpMove>
        <Level>34</Level>
        <Name>Body Slam</Name>
      </LevelUpMove>
      <LevelUpMove>
        <Level>39</Level>
        <Name>Safeguard</Name>
      </LevelUpMove>
      <LevelUpMove>
        <Level>42</Level>
        <Name>Aromatherapy</Name>
      </LevelUpMove>
      <LevelUpMove>
        <Level>45</Level>
        <Name>Solar Beam</Name>
      </LevelUpMove>
    </LevelUpMoves>
    <TMMoves>
      <TMMove>
        <Name>Toxic</Name>
      </TMMove>
      <TMMove>
        <Name>Hidden Power</Name>
      </TMMove>
      <TMMove>
        <Name>Sunny Day</Name>
      </TMMove>
      <TMMove>
        <Name>Light Screen</Name>
      </TMMove>
      <TMMove>
        <Name>Protect</Name>
      </TMMove>
      <TMMove>
        <Name>Safeguard</Name>
      </TMMove>
      <TMMove>
        <Name>Frustration</Name>
      </TMMove>
      <TMMove>
        <Name>Solar Beam</Name>
      </TMMove>
      <TMMove>
        <Name>Return</Name>
      </TMMove>
      <TMMove>
        <Name>Double Team</Name>
      </TMMove>
      <TMMove>
        <Name>Reflect</Name>
      </TMMove>
      <TMMove>
        <Name>Facade</Name>
      </TMMove>
      <TMMove>
        <Name>Rest</Name>
      </TMMove>
      <TMMove>
        <Name>Attract</Name>
      </TMMove>
      <TMMove>
        <Name>Round</Name>
      </TMMove>
      <TMMove>
        <Name>Echoed Voice</Name>
      </TMMove>
      <TMMove>
        <Name>Energy Ball</Name>
      </TMMove>
      <TMMove>
        <Name>Flash</Name>
      </TMMove>
      <TMMove>
        <Name>Swords Dance</Name>
      </TMMove>
      <TMMove>
        <Name>Grass Knot</Name>
      </TMMove>
      <TMMove>
        <Name>Swagger</Name>
      </TMMove>
      <TMMove>
        <Name>Substitute</Name>
      </TMMove>
      <TMMove>
        <Name>Cut</Name>
      </TMMove>
      <TMMove>
        <Name>Bullet Seed</Name>
      </TMMove>
      <TMMove>
        <Name>Giga Drain</Name>
      </TMMove>
      <TMMove>
        <Name>Iron Tail</Name>
      </TMMove>
      <TMMove>
        <Name>Secret Power</Name>
      </TMMove>
      <TMMove>
        <Name>Endure</Name>
      </TMMove>
      <TMMove>
        <Name>Captivate</Name>
      </TMMove>
      <TMMove>
        <Name>Sleep Talk</Name>
      </TMMove>
      <TMMove>
        <Name>Natural Gift</Name>
      </TMMove>
    </TMMoves>
    <EggMoves>
      <EggMove>
        <Name>Grassy Terrain</Name>
      </EggMove>
      <EggMove>
        <Name>Ancient Power</Name>
      </EggMove>
      <EggMove>
        <Name>Aromatherapy</Name>
      </EggMove>
      <EggMove>
        <Name>Body Slam</Name>
      </EggMove>
      <EggMove>
        <Name>Counter</Name>
      </EggMove>
      <EggMove>
        <Name>Flail</Name>
      </EggMove>
      <EggMove>
        <Name>Grass Whistle</Name>
      </EggMove>
      <EggMove>
        <Name>Heal Pulse</Name>
      </EggMove>
      <EggMove>
        <Name>Ingrain</Name>
      </EggMove>
      <EggMove>
        <Name>Leaf Storm</Name>
      </EggMove>
      <EggMove>
        <Name>Leech Seed</Name>
      </EggMove>
      <EggMove>
        <Name>Nature Power</Name>
      </EggMove>
      <EggMove>
        <Name>Refresh</Name>
      </EggMove>
      <EggMove>
        <Name>Vine Whip</Name>
      </EggMove>
      <EggMove>
        <Name>Wring Out</Name>
      </EggMove>
      <EggMove>
        <Name>Swords Dance</Name>
      </EggMove>
    </EggMoves>
    <DWMoves />
    <EventMoves>
      <EventMove>
        <Name>Ancient Power</Name>
      </EventMove>
      <EventMove>
        <Name>Frenzy Plant</Name>
      </EventMove>
    </EventMoves>
  </Moves>
</FormEntry>