﻿<?xml version="1.0" encoding="utf-8"?>
<FormEntry>
  <General>
    <FormName>Normal</FormName>
    <Height>0.5</Height>
    <Weight>7.9</Weight>
    <Male>875</Male>
    <Female>125</Female>
    <BodyStyle />
  </General>
  <BaseStats>
    <HP>39</HP>
    <Atk>52</Atk>
    <Def>43</Def>
    <SpAtk>60</SpAtk>
    <SpDef>50</SpDef>
    <Speed>65</Speed>
  </BaseStats>
  <FormInfo>
    <Type1>Fire</Type1>
    <Type2>None</Type2>
    <Ability1>Blaze</Ability1>
    <Ability2>None</Ability2>
    <Ability3>Flash Fire</Ability3>
    <Exp>62</Exp>
  </FormInfo>
  <Moves>
    <LevelUpMoves>
      <LevelUpMove>
        <Level>0</Level>
        <Name>Tackle</Name>
      </LevelUpMove>
      <LevelUpMove>
        <Level>0</Level>
        <Name>Leer</Name>
      </LevelUpMove>
      <LevelUpMove>
        <Level>6</Level>
        <Name>Smokescreen</Name>
      </LevelUpMove>
      <LevelUpMove>
        <Level>10</Level>
        <Name>Ember</Name>
      </LevelUpMove>
      <LevelUpMove>
        <Level>13</Level>
        <Name>Quick Attack</Name>
      </LevelUpMove>
      <LevelUpMove>
        <Level>19</Level>
        <Name>Flame Wheel</Name>
      </LevelUpMove>
      <LevelUpMove>
        <Level>22</Level>
        <Name>Defense Curl</Name>
      </LevelUpMove>
      <LevelUpMove>
        <Level>28</Level>
        <Name>Flame Charge</Name>
      </LevelUpMove>
      <LevelUpMove>
        <Level>31</Level>
        <Name>Swift</Name>
      </LevelUpMove>
      <LevelUpMove>
        <Level>37</Level>
        <Name>Lava Plume</Name>
      </LevelUpMove>
      <LevelUpMove>
        <Level>40</Level>
        <Name>Flamethrower</Name>
      </LevelUpMove>
      <LevelUpMove>
        <Level>46</Level>
        <Name>Inferno</Name>
      </LevelUpMove>
      <LevelUpMove>
        <Level>49</Level>
        <Name>Rollout</Name>
      </LevelUpMove>
      <LevelUpMove>
        <Level>55</Level>
        <Name>Double-Edge</Name>
      </LevelUpMove>
      <LevelUpMove>
        <Level>58</Level>
        <Name>Eruption</Name>
      </LevelUpMove>
    </LevelUpMoves>
    <TMMoves>
      <TMMove>
        <Name>Toxic</Name>
      </TMMove>
      <TMMove>
        <Name>Hidden Power</Name>
      </TMMove>
      <TMMove>
        <Name>Sunny Day</Name>
      </TMMove>
      <TMMove>
        <Name>Protect</Name>
      </TMMove>
      <TMMove>
        <Name>Frustration</Name>
      </TMMove>
      <TMMove>
        <Name>Return</Name>
      </TMMove>
      <TMMove>
        <Name>Dig</Name>
      </TMMove>
      <TMMove>
        <Name>Double Team</Name>
      </TMMove>
      <TMMove>
        <Name>Flamethrower</Name>
      </TMMove>
      <TMMove>
        <Name>Fire Blast</Name>
      </TMMove>
      <TMMove>
        <Name>Aerial Ace</Name>
      </TMMove>
      <TMMove>
        <Name>Facade</Name>
      </TMMove>
      <TMMove>
        <Name>Flame Charge</Name>
      </TMMove>
      <TMMove>
        <Name>Rest</Name>
      </TMMove>
      <TMMove>
        <Name>Attract</Name>
      </TMMove>
      <TMMove>
        <Name>Round</Name>
      </TMMove>
      <TMMove>
        <Name>Overheat</Name>
      </TMMove>
      <TMMove>
        <Name>Incinerate</Name>
      </TMMove>
      <TMMove>
        <Name>Will-O-Wisp</Name>
      </TMMove>
      <TMMove>
        <Name>Swagger</Name>
      </TMMove>
      <TMMove>
        <Name>Substitute</Name>
      </TMMove>
      <TMMove>
        <Name>Wild Charge</Name>
      </TMMove>
      <TMMove>
        <Name>Cut</Name>
      </TMMove>
      <TMMove>
        <Name>Secret Power</Name>
      </TMMove>
      <TMMove>
        <Name>Endure</Name>
      </TMMove>
      <TMMove>
        <Name>Captivate</Name>
      </TMMove>
      <TMMove>
        <Name>Sleep Talk</Name>
      </TMMove>
      <TMMove>
        <Name>Natural Gift</Name>
      </TMMove>
    </TMMoves>
    <EggMoves>
      <EggMove>
        <Name>Covet</Name>
      </EggMove>
      <EggMove>
        <Name>Crush Claw</Name>
      </EggMove>
      <EggMove>
        <Name>Double-Edge</Name>
      </EggMove>
      <EggMove>
        <Name>Double Kick</Name>
      </EggMove>
      <EggMove>
        <Name>Extrasensory</Name>
      </EggMove>
      <EggMove>
        <Name>Flame Burst</Name>
      </EggMove>
      <EggMove>
        <Name>Flare Blitz</Name>
      </EggMove>
      <EggMove>
        <Name>Foresight</Name>
      </EggMove>
      <EggMove>
        <Name>Fury Swipes</Name>
      </EggMove>
      <EggMove>
        <Name>Howl</Name>
      </EggMove>
      <EggMove>
        <Name>Nature Power</Name>
      </EggMove>
      <EggMove>
        <Name>Quick Attack</Name>
      </EggMove>
      <EggMove>
        <Name>Reversal</Name>
      </EggMove>
      <EggMove>
        <Name>Thrash</Name>
      </EggMove>
    </EggMoves>
    <DWMoves />
    <EventMoves>
      <EventMove>
        <Name>Reversal</Name>
      </EventMove>
      <EventMove>
        <Name>Blast Burn</Name>
      </EventMove>
    </EventMoves>
  </Moves>
</FormEntry>