﻿<?xml version="1.0" encoding="utf-8"?>
<FormEntry>
  <General>
    <FormName>Normal</FormName>
    <Height>1.7</Height>
    <Weight>79.5</Weight>
    <Male>875</Male>
    <Female>125</Female>
    <BodyStyle />
  </General>
  <BaseStats>
    <HP>78</HP>
    <Atk>84</Atk>
    <Def>78</Def>
    <SpAtk>109</SpAtk>
    <SpDef>85</SpDef>
    <Speed>100</Speed>
  </BaseStats>
  <FormInfo>
    <Type1>Fire</Type1>
    <Type2>None</Type2>
    <Ability1>Blaze</Ability1>
    <Ability2>None</Ability2>
    <Ability3>Flash Fire</Ability3>
    <Exp>240</Exp>
  </FormInfo>
  <Moves>
    <LevelUpMoves>
      <LevelUpMove>
        <Level>0</Level>
        <Name>Gyro Ball</Name>
      </LevelUpMove>
      <LevelUpMove>
        <Level>0</Level>
        <Name>Tackle</Name>
      </LevelUpMove>
      <LevelUpMove>
        <Level>0</Level>
        <Name>Leer</Name>
      </LevelUpMove>
      <LevelUpMove>
        <Level>0</Level>
        <Name>Smokescreen</Name>
      </LevelUpMove>
      <LevelUpMove>
        <Level>0</Level>
        <Name>Ember</Name>
      </LevelUpMove>
      <LevelUpMove>
        <Level>6</Level>
        <Name>Smokescreen</Name>
      </LevelUpMove>
      <LevelUpMove>
        <Level>10</Level>
        <Name>Ember</Name>
      </LevelUpMove>
      <LevelUpMove>
        <Level>13</Level>
        <Name>Quick Attack</Name>
      </LevelUpMove>
      <LevelUpMove>
        <Level>20</Level>
        <Name>Flame Wheel</Name>
      </LevelUpMove>
      <LevelUpMove>
        <Level>24</Level>
        <Name>Defense Curl</Name>
      </LevelUpMove>
      <LevelUpMove>
        <Level>31</Level>
        <Name>Swift</Name>
      </LevelUpMove>
      <LevelUpMove>
        <Level>35</Level>
        <Name>Flame Charge</Name>
      </LevelUpMove>
      <LevelUpMove>
        <Level>43</Level>
        <Name>Lava Plume</Name>
      </LevelUpMove>
      <LevelUpMove>
        <Level>48</Level>
        <Name>Flamethrower</Name>
      </LevelUpMove>
      <LevelUpMove>
        <Level>56</Level>
        <Name>Inferno</Name>
      </LevelUpMove>
      <LevelUpMove>
        <Level>61</Level>
        <Name>Rollout</Name>
      </LevelUpMove>
      <LevelUpMove>
        <Level>69</Level>
        <Name>Double-Edge</Name>
      </LevelUpMove>
      <LevelUpMove>
        <Level>74</Level>
        <Name>Eruption</Name>
      </LevelUpMove>
    </LevelUpMoves>
    <TMMoves>
      <TMMove>
        <Name>Roar</Name>
      </TMMove>
      <TMMove>
        <Name>Toxic</Name>
      </TMMove>
      <TMMove>
        <Name>Hidden Power</Name>
      </TMMove>
      <TMMove>
        <Name>Sunny Day</Name>
      </TMMove>
      <TMMove>
        <Name>Hyper Beam</Name>
      </TMMove>
      <TMMove>
        <Name>Protect</Name>
      </TMMove>
      <TMMove>
        <Name>Frustration</Name>
      </TMMove>
      <TMMove>
        <Name>Solar Beam</Name>
      </TMMove>
      <TMMove>
        <Name>Earthquake</Name>
      </TMMove>
      <TMMove>
        <Name>Return</Name>
      </TMMove>
      <TMMove>
        <Name>Dig</Name>
      </TMMove>
      <TMMove>
        <Name>Brick Break</Name>
      </TMMove>
      <TMMove>
        <Name>Double Team</Name>
      </TMMove>
      <TMMove>
        <Name>Flamethrower</Name>
      </TMMove>
      <TMMove>
        <Name>Fire Blast</Name>
      </TMMove>
      <TMMove>
        <Name>Rock Tomb</Name>
      </TMMove>
      <TMMove>
        <Name>Aerial Ace</Name>
      </TMMove>
      <TMMove>
        <Name>Facade</Name>
      </TMMove>
      <TMMove>
        <Name>Flame Charge</Name>
      </TMMove>
      <TMMove>
        <Name>Rest</Name>
      </TMMove>
      <TMMove>
        <Name>Attract</Name>
      </TMMove>
      <TMMove>
        <Name>Round</Name>
      </TMMove>
      <TMMove>
        <Name>Overheat</Name>
      </TMMove>
      <TMMove>
        <Name>Focus Blast</Name>
      </TMMove>
      <TMMove>
        <Name>Fling</Name>
      </TMMove>
      <TMMove>
        <Name>Incinerate</Name>
      </TMMove>
      <TMMove>
        <Name>Will-O-Wisp</Name>
      </TMMove>
      <TMMove>
        <Name>Shadow Claw</Name>
      </TMMove>
      <TMMove>
        <Name>Giga Impact</Name>
      </TMMove>
      <TMMove>
        <Name>Gyro Ball</Name>
      </TMMove>
      <TMMove>
        <Name>Bulldoze</Name>
      </TMMove>
      <TMMove>
        <Name>Rock Slide</Name>
      </TMMove>
      <TMMove>
        <Name>Swagger</Name>
      </TMMove>
      <TMMove>
        <Name>Substitute</Name>
      </TMMove>
      <TMMove>
        <Name>Wild Charge</Name>
      </TMMove>
      <TMMove>
        <Name>Rock Smash</Name>
      </TMMove>
      <TMMove>
        <Name>Cut</Name>
      </TMMove>
      <TMMove>
        <Name>Strength</Name>
      </TMMove>
      <TMMove>
        <Name>Focus Punch</Name>
      </TMMove>
      <TMMove>
        <Name>Secret Power</Name>
      </TMMove>
      <TMMove>
        <Name>Endure</Name>
      </TMMove>
      <TMMove>
        <Name>Captivate</Name>
      </TMMove>
      <TMMove>
        <Name>Sleep Talk</Name>
      </TMMove>
      <TMMove>
        <Name>Natural Gift</Name>
      </TMMove>
      <TMMove>
        <Name>Rock Climb</Name>
      </TMMove>
    </TMMoves>
    <EggMoves>
      <EggMove>
        <Name>Covet</Name>
      </EggMove>
      <EggMove>
        <Name>Crush Claw</Name>
      </EggMove>
      <EggMove>
        <Name>Double-Edge</Name>
      </EggMove>
      <EggMove>
        <Name>Double Kick</Name>
      </EggMove>
      <EggMove>
        <Name>Extrasensory</Name>
      </EggMove>
      <EggMove>
        <Name>Flame Burst</Name>
      </EggMove>
      <EggMove>
        <Name>Flare Blitz</Name>
      </EggMove>
      <EggMove>
        <Name>Foresight</Name>
      </EggMove>
      <EggMove>
        <Name>Fury Swipes</Name>
      </EggMove>
      <EggMove>
        <Name>Howl</Name>
      </EggMove>
      <EggMove>
        <Name>Nature Power</Name>
      </EggMove>
      <EggMove>
        <Name>Quick Attack</Name>
      </EggMove>
      <EggMove>
        <Name>Reversal</Name>
      </EggMove>
      <EggMove>
        <Name>Thrash</Name>
      </EggMove>
    </EggMoves>
    <DWMoves />
    <EventMoves />
  </Moves>
</FormEntry>