﻿<?xml version="1.0" encoding="utf-8"?>
<FormEntry>
  <General>
    <FormName>Normal</FormName>
    <Height>0.3</Height>
    <Weight>1.8</Weight>
    <Male>500</Male>
    <Female>500</Female>
    <BodyStyle />
  </General>
  <BaseStats>
    <HP>40</HP>
    <Atk>45</Atk>
    <Def>40</Def>
    <SpAtk>35</SpAtk>
    <SpDef>35</SpDef>
    <Speed>56</Speed>
  </BaseStats>
  <FormInfo>
    <Type1>Normal</Type1>
    <Type2>Flying</Type2>
    <Ability1>Keen Eye</Ability1>
    <Ability2>Tangled Feet</Ability2>
    <Ability3>Big Pecks</Ability3>
    <Exp>50</Exp>
  </FormInfo>
  <Moves>
    <LevelUpMoves>
      <LevelUpMove>
        <Level>0</Level>
        <Name>Tackle</Name>
      </LevelUpMove>
      <LevelUpMove>
        <Level>5</Level>
        <Name>Sand Attack</Name>
      </LevelUpMove>
      <LevelUpMove>
        <Level>9</Level>
        <Name>Gust</Name>
      </LevelUpMove>
      <LevelUpMove>
        <Level>13</Level>
        <Name>Quick Attack</Name>
      </LevelUpMove>
      <LevelUpMove>
        <Level>17</Level>
        <Name>Whirlwind</Name>
      </LevelUpMove>
      <LevelUpMove>
        <Level>21</Level>
        <Name>Twister</Name>
      </LevelUpMove>
      <LevelUpMove>
        <Level>25</Level>
        <Name>Feather Dance</Name>
      </LevelUpMove>
      <LevelUpMove>
        <Level>29</Level>
        <Name>Agility</Name>
      </LevelUpMove>
      <LevelUpMove>
        <Level>33</Level>
        <Name>Wing Attack</Name>
      </LevelUpMove>
      <LevelUpMove>
        <Level>37</Level>
        <Name>Roost</Name>
      </LevelUpMove>
      <LevelUpMove>
        <Level>41</Level>
        <Name>Tailwind</Name>
      </LevelUpMove>
      <LevelUpMove>
        <Level>45</Level>
        <Name>Mirror Move</Name>
      </LevelUpMove>
      <LevelUpMove>
        <Level>49</Level>
        <Name>Air Slash</Name>
      </LevelUpMove>
      <LevelUpMove>
        <Level>53</Level>
        <Name>Hurricane</Name>
      </LevelUpMove>
    </LevelUpMoves>
    <TMMoves>
      <TMMove>
        <Name>Toxic</Name>
      </TMMove>
      <TMMove>
        <Name>Hidden Power</Name>
      </TMMove>
      <TMMove>
        <Name>Sunny Day</Name>
      </TMMove>
      <TMMove>
        <Name>Protect</Name>
      </TMMove>
      <TMMove>
        <Name>Rain Dance</Name>
      </TMMove>
      <TMMove>
        <Name>Roost</Name>
      </TMMove>
      <TMMove>
        <Name>Frustration</Name>
      </TMMove>
      <TMMove>
        <Name>Return</Name>
      </TMMove>
      <TMMove>
        <Name>Double Team</Name>
      </TMMove>
      <TMMove>
        <Name>Aerial Ace</Name>
      </TMMove>
      <TMMove>
        <Name>Facade</Name>
      </TMMove>
      <TMMove>
        <Name>Rest</Name>
      </TMMove>
      <TMMove>
        <Name>Attract</Name>
      </TMMove>
      <TMMove>
        <Name>Thief</Name>
      </TMMove>
      <TMMove>
        <Name>Round</Name>
      </TMMove>
      <TMMove>
        <Name>Steel Wing</Name>
      </TMMove>
      <TMMove>
        <Name>Swagger</Name>
      </TMMove>
      <TMMove>
        <Name>Sleep Talk</Name>
      </TMMove>
      <TMMove>
        <Name>U-turn</Name>
      </TMMove>
      <TMMove>
        <Name>Substitute</Name>
      </TMMove>
      <TMMove>
        <Name>Confide</Name>
      </TMMove>
      <TMMove>
        <Name>Fly</Name>
      </TMMove>
      <TMMove>
        <Name>Work Up</Name>
      </TMMove>
      <TMMove>
        <Name>Pluck</Name>
      </TMMove>
      <TMMove>
        <Name>Secret Power</Name>
      </TMMove>
      <TMMove>
        <Name>Endure</Name>
      </TMMove>
      <TMMove>
        <Name>Captivate</Name>
      </TMMove>
      <TMMove>
        <Name>Natural Gift</Name>
      </TMMove>
      <TMMove>
        <Name>Defog</Name>
      </TMMove>
    </TMMoves>
    <EggMoves>
      <EggMove>
        <Name>Air Cutter</Name>
      </EggMove>
      <EggMove>
        <Name>Air Slash</Name>
      </EggMove>
      <EggMove>
        <Name>Brave Bird</Name>
      </EggMove>
      <EggMove>
        <Name>Defog</Name>
      </EggMove>
      <EggMove>
        <Name>Feint Attack</Name>
      </EggMove>
      <EggMove>
        <Name>Foresight</Name>
      </EggMove>
      <EggMove>
        <Name>Pursuit</Name>
      </EggMove>
      <EggMove>
        <Name>Steel Wing</Name>
      </EggMove>
      <EggMove>
        <Name>Uproar</Name>
      </EggMove>
    </EggMoves>
    <DWMoves />
    <EventMoves>
      <EventMove>
        <Name>Secret Power</Name>
      </EventMove>
      <EventMove>
        <Name>Steel Wing</Name>
      </EventMove>
    </EventMoves>
  </Moves>
</FormEntry>