﻿<?xml version="1.0" encoding="utf-8"?>
<FormEntry>
  <General>
    <FormName>Normal</FormName>
    <Height>0.7</Height>
    <Weight>21.2</Weight>
    <Male>500</Male>
    <Female>500</Female>
    <BodyStyle />
  </General>
  <BaseStats>
    <HP>60</HP>
    <Atk>30</Atk>
    <Def>30</Def>
    <SpAtk>36</SpAtk>
    <SpDef>56</SpDef>
    <Speed>50</Speed>
  </BaseStats>
  <FormInfo>
    <Type1>Normal</Type1>
    <Type2>Flying</Type2>
    <Ability1>Insomnia</Ability1>
    <Ability2>Keen Eye</Ability2>
    <Ability3>Tinted Lens</Ability3>
    <Exp>52</Exp>
  </FormInfo>
  <Moves>
    <LevelUpMoves>
      <LevelUpMove>
        <Level>0</Level>
        <Name>Tackle</Name>
      </LevelUpMove>
      <LevelUpMove>
        <Level>0</Level>
        <Name>Growl</Name>
      </LevelUpMove>
      <LevelUpMove>
        <Level>0</Level>
        <Name>Foresight</Name>
      </LevelUpMove>
      <LevelUpMove>
        <Level>5</Level>
        <Name>Hypnosis</Name>
      </LevelUpMove>
      <LevelUpMove>
        <Level>9</Level>
        <Name>Peck</Name>
      </LevelUpMove>
      <LevelUpMove>
        <Level>13</Level>
        <Name>Uproar</Name>
      </LevelUpMove>
      <LevelUpMove>
        <Level>17</Level>
        <Name>Reflect</Name>
      </LevelUpMove>
      <LevelUpMove>
        <Level>21</Level>
        <Name>Confusion</Name>
      </LevelUpMove>
      <LevelUpMove>
        <Level>25</Level>
        <Name>Echoed Voice</Name>
      </LevelUpMove>
      <LevelUpMove>
        <Level>29</Level>
        <Name>Take Down</Name>
      </LevelUpMove>
      <LevelUpMove>
        <Level>33</Level>
        <Name>Air Slash</Name>
      </LevelUpMove>
      <LevelUpMove>
        <Level>37</Level>
        <Name>Zen Headbutt</Name>
      </LevelUpMove>
      <LevelUpMove>
        <Level>41</Level>
        <Name>Synchronoise</Name>
      </LevelUpMove>
      <LevelUpMove>
        <Level>45</Level>
        <Name>Extrasensory</Name>
      </LevelUpMove>
      <LevelUpMove>
        <Level>49</Level>
        <Name>Psycho Shift</Name>
      </LevelUpMove>
      <LevelUpMove>
        <Level>53</Level>
        <Name>Roost</Name>
      </LevelUpMove>
      <LevelUpMove>
        <Level>57</Level>
        <Name>Dream Eater</Name>
      </LevelUpMove>
    </LevelUpMoves>
    <TMMoves>
      <TMMove>
        <Name>Toxic</Name>
      </TMMove>
      <TMMove>
        <Name>Hidden Power</Name>
      </TMMove>
      <TMMove>
        <Name>Sunny Day</Name>
      </TMMove>
      <TMMove>
        <Name>Protect</Name>
      </TMMove>
      <TMMove>
        <Name>Rain Dance</Name>
      </TMMove>
      <TMMove>
        <Name>Roost</Name>
      </TMMove>
      <TMMove>
        <Name>Frustration</Name>
      </TMMove>
      <TMMove>
        <Name>Return</Name>
      </TMMove>
      <TMMove>
        <Name>Psychic</Name>
      </TMMove>
      <TMMove>
        <Name>Shadow Ball</Name>
      </TMMove>
      <TMMove>
        <Name>Double Team</Name>
      </TMMove>
      <TMMove>
        <Name>Reflect</Name>
      </TMMove>
      <TMMove>
        <Name>Aerial Ace</Name>
      </TMMove>
      <TMMove>
        <Name>Facade</Name>
      </TMMove>
      <TMMove>
        <Name>Rest</Name>
      </TMMove>
      <TMMove>
        <Name>Attract</Name>
      </TMMove>
      <TMMove>
        <Name>Thief</Name>
      </TMMove>
      <TMMove>
        <Name>Round</Name>
      </TMMove>
      <TMMove>
        <Name>Echoed Voice</Name>
      </TMMove>
      <TMMove>
        <Name>Steel Wing</Name>
      </TMMove>
      <TMMove>
        <Name>Psych Up</Name>
      </TMMove>
      <TMMove>
        <Name>Dream Eater</Name>
      </TMMove>
      <TMMove>
        <Name>Swagger</Name>
      </TMMove>
      <TMMove>
        <Name>Sleep Talk</Name>
      </TMMove>
      <TMMove>
        <Name>Substitute</Name>
      </TMMove>
      <TMMove>
        <Name>Confide</Name>
      </TMMove>
      <TMMove>
        <Name>Fly</Name>
      </TMMove>
      <TMMove>
        <Name>Work Up</Name>
      </TMMove>
      <TMMove>
        <Name>Pluck</Name>
      </TMMove>
      <TMMove>
        <Name>Secret Power</Name>
      </TMMove>
      <TMMove>
        <Name>Endure</Name>
      </TMMove>
      <TMMove>
        <Name>Silver Wind</Name>
      </TMMove>
      <TMMove>
        <Name>Recycle</Name>
      </TMMove>
      <TMMove>
        <Name>Captivate</Name>
      </TMMove>
      <TMMove>
        <Name>Natural Gift</Name>
      </TMMove>
      <TMMove>
        <Name>Defog</Name>
      </TMMove>
      <TMMove>
        <Name>Flash</Name>
      </TMMove>
    </TMMoves>
    <EggMoves>
      <EggMove>
        <Name>Night Shade</Name>
      </EggMove>
      <EggMove>
        <Name>Agility</Name>
      </EggMove>
      <EggMove>
        <Name>Defog</Name>
      </EggMove>
      <EggMove>
        <Name>Feint Attack</Name>
      </EggMove>
      <EggMove>
        <Name>Feather Dance</Name>
      </EggMove>
      <EggMove>
        <Name>Mirror Move</Name>
      </EggMove>
      <EggMove>
        <Name>Sky Attack</Name>
      </EggMove>
      <EggMove>
        <Name>Supersonic</Name>
      </EggMove>
      <EggMove>
        <Name>Whirlwind</Name>
      </EggMove>
      <EggMove>
        <Name>Wing Attack</Name>
      </EggMove>
    </EggMoves>
    <DWMoves />
    <EventMoves>
      <EventMove>
        <Name>Night Shade</Name>
      </EventMove>
      <EventMove>
        <Name>Recycle</Name>
      </EventMove>
    </EventMoves>
  </Moves>
</FormEntry>