﻿<?xml version="1.0" encoding="utf-8"?>
<FormEntry>
  <General>
    <FormName>Normal</FormName>
    <Height>0.5</Height>
    <Weight>8.5</Weight>
    <Male>500</Male>
    <Female>500</Female>
    <BodyStyle />
  </General>
  <BaseStats>
    <HP>40</HP>
    <Atk>60</Atk>
    <Def>40</Def>
    <SpAtk>40</SpAtk>
    <SpDef>40</SpDef>
    <Speed>30</Speed>
  </BaseStats>
  <FormInfo>
    <Type1>Bug</Type1>
    <Type2>Poison</Type2>
    <Ability1>Swarm</Ability1>
    <Ability2>Insomnia</Ability2>
    <Ability3>Sniper</Ability3>
    <Exp>50</Exp>
  </FormInfo>
  <Moves>
    <LevelUpMoves>
      <LevelUpMove>
        <Level>0</Level>
        <Name>Poison Sting</Name>
      </LevelUpMove>
      <LevelUpMove>
        <Level>0</Level>
        <Name>String Shot</Name>
      </LevelUpMove>
      <LevelUpMove>
        <Level>5</Level>
        <Name>Scary Face</Name>
      </LevelUpMove>
      <LevelUpMove>
        <Level>8</Level>
        <Name>Constrict</Name>
      </LevelUpMove>
      <LevelUpMove>
        <Level>12</Level>
        <Name>Leech Life</Name>
      </LevelUpMove>
      <LevelUpMove>
        <Level>15</Level>
        <Name>Night Shade</Name>
      </LevelUpMove>
      <LevelUpMove>
        <Level>19</Level>
        <Name>Shadow Sneak</Name>
      </LevelUpMove>
      <LevelUpMove>
        <Level>22</Level>
        <Name>Fury Swipes</Name>
      </LevelUpMove>
      <LevelUpMove>
        <Level>26</Level>
        <Name>Sucker Punch</Name>
      </LevelUpMove>
      <LevelUpMove>
        <Level>29</Level>
        <Name>Spider Web</Name>
      </LevelUpMove>
      <LevelUpMove>
        <Level>33</Level>
        <Name>Agility</Name>
      </LevelUpMove>
      <LevelUpMove>
        <Level>36</Level>
        <Name>Pin Missile</Name>
      </LevelUpMove>
      <LevelUpMove>
        <Level>40</Level>
        <Name>Psychic</Name>
      </LevelUpMove>
      <LevelUpMove>
        <Level>43</Level>
        <Name>Poison Jab</Name>
      </LevelUpMove>
      <LevelUpMove>
        <Level>47</Level>
        <Name>Cross Poison</Name>
      </LevelUpMove>
      <LevelUpMove>
        <Level>50</Level>
        <Name>Spider Web</Name>
      </LevelUpMove>
    </LevelUpMoves>
    <TMMoves>
      <TMMove>
        <Name>Hone Claws</Name>
      </TMMove>
      <TMMove>
        <Name>Toxic</Name>
      </TMMove>
      <TMMove>
        <Name>Venoshock</Name>
      </TMMove>
      <TMMove>
        <Name>Hidden Power</Name>
      </TMMove>
      <TMMove>
        <Name>Sunny Day</Name>
      </TMMove>
      <TMMove>
        <Name>Protect</Name>
      </TMMove>
      <TMMove>
        <Name>Frustration</Name>
      </TMMove>
      <TMMove>
        <Name>Solar Beam</Name>
      </TMMove>
      <TMMove>
        <Name>Return</Name>
      </TMMove>
      <TMMove>
        <Name>Dig</Name>
      </TMMove>
      <TMMove>
        <Name>Psychic</Name>
      </TMMove>
      <TMMove>
        <Name>Double Team</Name>
      </TMMove>
      <TMMove>
        <Name>Sludge Bomb</Name>
      </TMMove>
      <TMMove>
        <Name>Facade</Name>
      </TMMove>
      <TMMove>
        <Name>Rest</Name>
      </TMMove>
      <TMMove>
        <Name>Attract</Name>
      </TMMove>
      <TMMove>
        <Name>Thief</Name>
      </TMMove>
      <TMMove>
        <Name>Round</Name>
      </TMMove>
      <TMMove>
        <Name>Flash</Name>
      </TMMove>
      <TMMove>
        <Name>Struggle Bug</Name>
      </TMMove>
      <TMMove>
        <Name>X-Scissor</Name>
      </TMMove>
      <TMMove>
        <Name>Infestation</Name>
      </TMMove>
      <TMMove>
        <Name>Poison Jab</Name>
      </TMMove>
      <TMMove>
        <Name>Swagger</Name>
      </TMMove>
      <TMMove>
        <Name>Sleep Talk</Name>
      </TMMove>
      <TMMove>
        <Name>Substitute</Name>
      </TMMove>
      <TMMove>
        <Name>Confide</Name>
      </TMMove>
      <TMMove>
        <Name>Giga Drain</Name>
      </TMMove>
      <TMMove>
        <Name>Secret Power</Name>
      </TMMove>
      <TMMove>
        <Name>Endure</Name>
      </TMMove>
      <TMMove>
        <Name>Captivate</Name>
      </TMMove>
      <TMMove>
        <Name>Natural Gift</Name>
      </TMMove>
    </TMMoves>
    <EggMoves>
      <EggMove>
        <Name>Electroweb</Name>
      </EggMove>
      <EggMove>
        <Name>Megahorn</Name>
      </EggMove>
      <EggMove>
        <Name>Twineedle</Name>
      </EggMove>
      <EggMove>
        <Name>Baton Pass</Name>
      </EggMove>
      <EggMove>
        <Name>Disable</Name>
      </EggMove>
      <EggMove>
        <Name>Night Slash</Name>
      </EggMove>
      <EggMove>
        <Name>Psybeam</Name>
      </EggMove>
      <EggMove>
        <Name>Pursuit</Name>
      </EggMove>
      <EggMove>
        <Name>Rage Powder</Name>
      </EggMove>
      <EggMove>
        <Name>Signal Beam</Name>
      </EggMove>
      <EggMove>
        <Name>Sonic Boom</Name>
      </EggMove>
      <EggMove>
        <Name>Toxic Spikes</Name>
      </EggMove>
      <EggMove>
        <Name>Poison Jab</Name>
      </EggMove>
    </EggMoves>
    <DWMoves />
    <EventMoves>
      <EventMove>
        <Name>Electroweb</Name>
      </EventMove>
      <EventMove>
        <Name>Bug Bite</Name>
      </EventMove>
    </EventMoves>
  </Moves>
</FormEntry>