﻿<?xml version="1.0" encoding="utf-8"?>
<FormEntry>
  <General>
    <FormName>Normal</FormName>
    <Height>1.2</Height>
    <Weight>22.5</Weight>
    <Male>500</Male>
    <Female>500</Female>
    <BodyStyle />
  </General>
  <BaseStats>
    <HP>125</HP>
    <Atk>58</Atk>
    <Def>58</Def>
    <SpAtk>76</SpAtk>
    <SpDef>76</SpDef>
    <Speed>67</Speed>
  </BaseStats>
  <FormInfo>
    <Type1>Water</Type1>
    <Type2>Electric</Type2>
    <Ability1>Volt Absorb</Ability1>
    <Ability2>Illuminate</Ability2>
    <Ability3>Water Absorb</Ability3>
    <Exp>161</Exp>
  </FormInfo>
  <Moves>
    <LevelUpMoves>
      <LevelUpMove>
        <Level>0</Level>
        <Name>Eerie Impulse</Name>
      </LevelUpMove>
      <LevelUpMove>
        <Level>0</Level>
        <Name>Water Gun</Name>
      </LevelUpMove>
      <LevelUpMove>
        <Level>0</Level>
        <Name>Supersonic</Name>
      </LevelUpMove>
      <LevelUpMove>
        <Level>6</Level>
        <Name>Thunder Wave</Name>
      </LevelUpMove>
      <LevelUpMove>
        <Level>9</Level>
        <Name>Flail</Name>
      </LevelUpMove>
      <LevelUpMove>
        <Level>12</Level>
        <Name>Bubble</Name>
      </LevelUpMove>
      <LevelUpMove>
        <Level>17</Level>
        <Name>Confuse Ray</Name>
      </LevelUpMove>
      <LevelUpMove>
        <Level>20</Level>
        <Name>Spark</Name>
      </LevelUpMove>
      <LevelUpMove>
        <Level>23</Level>
        <Name>Take Down</Name>
      </LevelUpMove>
      <LevelUpMove>
        <Level>27</Level>
        <Name>Stockpile</Name>
      </LevelUpMove>
      <LevelUpMove>
        <Level>27</Level>
        <Name>Spit Up</Name>
      </LevelUpMove>
      <LevelUpMove>
        <Level>27</Level>
        <Name>Swallow</Name>
      </LevelUpMove>
      <LevelUpMove>
        <Level>30</Level>
        <Name>Electro Ball</Name>
      </LevelUpMove>
      <LevelUpMove>
        <Level>35</Level>
        <Name>Bubble Beam</Name>
      </LevelUpMove>
      <LevelUpMove>
        <Level>40</Level>
        <Name>Signal Beam</Name>
      </LevelUpMove>
      <LevelUpMove>
        <Level>47</Level>
        <Name>Discharge</Name>
      </LevelUpMove>
      <LevelUpMove>
        <Level>52</Level>
        <Name>Aqua Ring</Name>
      </LevelUpMove>
      <LevelUpMove>
        <Level>57</Level>
        <Name>Hydro Pump</Name>
      </LevelUpMove>
      <LevelUpMove>
        <Level>60</Level>
        <Name>Ion Deluge</Name>
      </LevelUpMove>
      <LevelUpMove>
        <Level>64</Level>
        <Name>Charge</Name>
      </LevelUpMove>
    </LevelUpMoves>
    <TMMoves>
      <TMMove>
        <Name>Toxic</Name>
      </TMMove>
      <TMMove>
        <Name>Hail</Name>
      </TMMove>
      <TMMove>
        <Name>Hidden Power</Name>
      </TMMove>
      <TMMove>
        <Name>Ice Beam</Name>
      </TMMove>
      <TMMove>
        <Name>Blizzard</Name>
      </TMMove>
      <TMMove>
        <Name>Hyper Beam</Name>
      </TMMove>
      <TMMove>
        <Name>Protect</Name>
      </TMMove>
      <TMMove>
        <Name>Rain Dance</Name>
      </TMMove>
      <TMMove>
        <Name>Frustration</Name>
      </TMMove>
      <TMMove>
        <Name>Thunderbolt</Name>
      </TMMove>
      <TMMove>
        <Name>Thunder</Name>
      </TMMove>
      <TMMove>
        <Name>Return</Name>
      </TMMove>
      <TMMove>
        <Name>Double Team</Name>
      </TMMove>
      <TMMove>
        <Name>Facade</Name>
      </TMMove>
      <TMMove>
        <Name>Rest</Name>
      </TMMove>
      <TMMove>
        <Name>Attract</Name>
      </TMMove>
      <TMMove>
        <Name>Round</Name>
      </TMMove>
      <TMMove>
        <Name>Scald</Name>
      </TMMove>
      <TMMove>
        <Name>Charge Beam</Name>
      </TMMove>
      <TMMove>
        <Name>Giga Impact</Name>
      </TMMove>
      <TMMove>
        <Name>Flash</Name>
      </TMMove>
      <TMMove>
        <Name>Volt Switch</Name>
      </TMMove>
      <TMMove>
        <Name>Thunder Wave</Name>
      </TMMove>
      <TMMove>
        <Name>Swagger</Name>
      </TMMove>
      <TMMove>
        <Name>Sleep Talk</Name>
      </TMMove>
      <TMMove>
        <Name>Substitute</Name>
      </TMMove>
      <TMMove>
        <Name>Wild Charge</Name>
      </TMMove>
      <TMMove>
        <Name>Dazzling Gleam</Name>
      </TMMove>
      <TMMove>
        <Name>Confide</Name>
      </TMMove>
      <TMMove>
        <Name>Surf</Name>
      </TMMove>
      <TMMove>
        <Name>Waterfall</Name>
      </TMMove>
      <TMMove>
        <Name>Dive</Name>
      </TMMove>
      <TMMove>
        <Name>Water Pulse</Name>
      </TMMove>
      <TMMove>
        <Name>Shock Wave</Name>
      </TMMove>
      <TMMove>
        <Name>Secret Power</Name>
      </TMMove>
      <TMMove>
        <Name>Brine</Name>
      </TMMove>
      <TMMove>
        <Name>Endure</Name>
      </TMMove>
      <TMMove>
        <Name>Captivate</Name>
      </TMMove>
      <TMMove>
        <Name>Natural Gift</Name>
      </TMMove>
      <TMMove>
        <Name>Whirlpool</Name>
      </TMMove>
    </TMMoves>
    <EggMoves>
      <EggMove>
        <Name>Soak</Name>
      </EggMove>
      <EggMove>
        <Name>Agility</Name>
      </EggMove>
      <EggMove>
        <Name>Amnesia</Name>
      </EggMove>
      <EggMove>
        <Name>Brine</Name>
      </EggMove>
      <EggMove>
        <Name>Flail</Name>
      </EggMove>
      <EggMove>
        <Name>Mist</Name>
      </EggMove>
      <EggMove>
        <Name>Psybeam</Name>
      </EggMove>
      <EggMove>
        <Name>Screech</Name>
      </EggMove>
      <EggMove>
        <Name>Shock Wave</Name>
      </EggMove>
      <EggMove>
        <Name>Water Pulse</Name>
      </EggMove>
      <EggMove>
        <Name>Whirlpool</Name>
      </EggMove>
    </EggMoves>
    <DWMoves />
    <EventMoves />
  </Moves>
</FormEntry>