﻿<?xml version="1.0" encoding="utf-8"?>
<FormEntry>
  <General>
    <FormName>Normal</FormName>
    <Height>0.3</Height>
    <Weight>2</Weight>
    <Male>500</Male>
    <Female>500</Female>
    <BodyStyle />
  </General>
  <BaseStats>
    <HP>20</HP>
    <Atk>40</Atk>
    <Def>15</Def>
    <SpAtk>35</SpAtk>
    <SpDef>35</SpDef>
    <Speed>60</Speed>
  </BaseStats>
  <FormInfo>
    <Type1>Electric</Type1>
    <Type2>None</Type2>
    <Ability1>Static</Ability1>
    <Ability2>None</Ability2>
    <Ability3>Lightning Rod</Ability3>
    <Exp>41</Exp>
  </FormInfo>
  <Moves>
    <LevelUpMoves>
      <LevelUpMove>
        <Level>0</Level>
        <Name>Thunder Shock</Name>
      </LevelUpMove>
      <LevelUpMove>
        <Level>0</Level>
        <Name>Charm</Name>
      </LevelUpMove>
      <LevelUpMove>
        <Level>5</Level>
        <Name>Tail Whip</Name>
      </LevelUpMove>
      <LevelUpMove>
        <Level>10</Level>
        <Name>Sweet Kiss</Name>
      </LevelUpMove>
      <LevelUpMove>
        <Level>13</Level>
        <Name>Thunder Wave</Name>
      </LevelUpMove>
      <LevelUpMove>
        <Level>18</Level>
        <Name>Nasty Plot</Name>
      </LevelUpMove>
    </LevelUpMoves>
    <TMMoves>
      <TMMove>
        <Name>Toxic</Name>
      </TMMove>
      <TMMove>
        <Name>Hidden Power</Name>
      </TMMove>
      <TMMove>
        <Name>Light Screen</Name>
      </TMMove>
      <TMMove>
        <Name>Protect</Name>
      </TMMove>
      <TMMove>
        <Name>Rain Dance</Name>
      </TMMove>
      <TMMove>
        <Name>Frustration</Name>
      </TMMove>
      <TMMove>
        <Name>Thunderbolt</Name>
      </TMMove>
      <TMMove>
        <Name>Thunder</Name>
      </TMMove>
      <TMMove>
        <Name>Return</Name>
      </TMMove>
      <TMMove>
        <Name>Double Team</Name>
      </TMMove>
      <TMMove>
        <Name>Facade</Name>
      </TMMove>
      <TMMove>
        <Name>Rest</Name>
      </TMMove>
      <TMMove>
        <Name>Attract</Name>
      </TMMove>
      <TMMove>
        <Name>Round</Name>
      </TMMove>
      <TMMove>
        <Name>Echoed Voice</Name>
      </TMMove>
      <TMMove>
        <Name>Fling</Name>
      </TMMove>
      <TMMove>
        <Name>Charge Beam</Name>
      </TMMove>
      <TMMove>
        <Name>Flash</Name>
      </TMMove>
      <TMMove>
        <Name>Volt Switch</Name>
      </TMMove>
      <TMMove>
        <Name>Thunder Wave</Name>
      </TMMove>
      <TMMove>
        <Name>Grass Knot</Name>
      </TMMove>
      <TMMove>
        <Name>Swagger</Name>
      </TMMove>
      <TMMove>
        <Name>Sleep Talk</Name>
      </TMMove>
      <TMMove>
        <Name>Substitute</Name>
      </TMMove>
      <TMMove>
        <Name>Wild Charge</Name>
      </TMMove>
      <TMMove>
        <Name>Confide</Name>
      </TMMove>
      <TMMove>
        <Name>Iron Tail</Name>
      </TMMove>
      <TMMove>
        <Name>Shock Wave</Name>
      </TMMove>
      <TMMove>
        <Name>Secret Power</Name>
      </TMMove>
      <TMMove>
        <Name>Endure</Name>
      </TMMove>
      <TMMove>
        <Name>Captivate</Name>
      </TMMove>
      <TMMove>
        <Name>Natural Gift</Name>
      </TMMove>
    </TMMoves>
    <EggMoves>
      <EggMove>
        <Name>Bestow</Name>
      </EggMove>
      <EggMove>
        <Name>Bide</Name>
      </EggMove>
      <EggMove>
        <Name>Charge</Name>
      </EggMove>
      <EggMove>
        <Name>Disarming Voice</Name>
      </EggMove>
      <EggMove>
        <Name>Double Slap</Name>
      </EggMove>
      <EggMove>
        <Name>Encore</Name>
      </EggMove>
      <EggMove>
        <Name>Endure</Name>
      </EggMove>
      <EggMove>
        <Name>Fake Out</Name>
      </EggMove>
      <EggMove>
        <Name>Flail</Name>
      </EggMove>
      <EggMove>
        <Name>Lucky Chant</Name>
      </EggMove>
      <EggMove>
        <Name>Present</Name>
      </EggMove>
      <EggMove>
        <Name>Reversal</Name>
      </EggMove>
      <EggMove>
        <Name>Thunder Punch</Name>
      </EggMove>
      <EggMove>
        <Name>Tickle</Name>
      </EggMove>
      <EggMove>
        <Name>Volt Tackle</Name>
      </EggMove>
      <EggMove>
        <Name>Wish</Name>
      </EggMove>
    </EggMoves>
    <DWMoves />
    <EventMoves>
      <EventMove>
        <Name>Charge</Name>
      </EventMove>
      <EventMove>
        <Name>Endeavor</Name>
      </EventMove>
      <EventMove>
        <Name>Volt Tackle</Name>
      </EventMove>
      <EventMove>
        <Name>Pain Split</Name>
      </EventMove>
      <EventMove>
        <Name>Follow Me</Name>
      </EventMove>
      <EventMove>
        <Name>Surf</Name>
      </EventMove>
      <EventMove>
        <Name>Teeter Dance</Name>
      </EventMove>
      <EventMove>
        <Name>Wish</Name>
      </EventMove>
    </EventMoves>
  </Moves>
</FormEntry>