﻿<?xml version="1.0" encoding="utf-8"?>
<FormEntry>
  <General>
    <FormName>Normal</FormName>
    <Height>0.2</Height>
    <Weight>2</Weight>
    <Male>500</Male>
    <Female>500</Female>
    <BodyStyle />
  </General>
  <BaseStats>
    <HP>40</HP>
    <Atk>50</Atk>
    <Def>45</Def>
    <SpAtk>70</SpAtk>
    <SpDef>45</SpDef>
    <Speed>70</Speed>
  </BaseStats>
  <FormInfo>
    <Type1>Psychic</Type1>
    <Type2>Flying</Type2>
    <Ability1>Synchronize</Ability1>
    <Ability2>Early Bird</Ability2>
    <Ability3>Magic Bounce</Ability3>
    <Exp>64</Exp>
  </FormInfo>
  <Moves>
    <LevelUpMoves>
      <LevelUpMove>
        <Level>0</Level>
        <Name>Peck</Name>
      </LevelUpMove>
      <LevelUpMove>
        <Level>0</Level>
        <Name>Leer</Name>
      </LevelUpMove>
      <LevelUpMove>
        <Level>6</Level>
        <Name>Night Shade</Name>
      </LevelUpMove>
      <LevelUpMove>
        <Level>9</Level>
        <Name>Teleport</Name>
      </LevelUpMove>
      <LevelUpMove>
        <Level>12</Level>
        <Name>Lucky Chant</Name>
      </LevelUpMove>
      <LevelUpMove>
        <Level>17</Level>
        <Name>Miracle Eye</Name>
      </LevelUpMove>
      <LevelUpMove>
        <Level>20</Level>
        <Name>Me First</Name>
      </LevelUpMove>
      <LevelUpMove>
        <Level>23</Level>
        <Name>Confuse Ray</Name>
      </LevelUpMove>
      <LevelUpMove>
        <Level>28</Level>
        <Name>Wish</Name>
      </LevelUpMove>
      <LevelUpMove>
        <Level>33</Level>
        <Name>Psycho Shift</Name>
      </LevelUpMove>
      <LevelUpMove>
        <Level>36</Level>
        <Name>Future Sight</Name>
      </LevelUpMove>
      <LevelUpMove>
        <Level>39</Level>
        <Name>Stored Power</Name>
      </LevelUpMove>
      <LevelUpMove>
        <Level>44</Level>
        <Name>Ominous Wind</Name>
      </LevelUpMove>
      <LevelUpMove>
        <Level>47</Level>
        <Name>Power Swap</Name>
      </LevelUpMove>
      <LevelUpMove>
        <Level>47</Level>
        <Name>Guard Swap</Name>
      </LevelUpMove>
      <LevelUpMove>
        <Level>50</Level>
        <Name>Psychic</Name>
      </LevelUpMove>
    </LevelUpMoves>
    <TMMoves>
      <TMMove>
        <Name>Toxic</Name>
      </TMMove>
      <TMMove>
        <Name>Hidden Power</Name>
      </TMMove>
      <TMMove>
        <Name>Protect</Name>
      </TMMove>
      <TMMove>
        <Name>Roost</Name>
      </TMMove>
      <TMMove>
        <Name>Frustration</Name>
      </TMMove>
      <TMMove>
        <Name>Return</Name>
      </TMMove>
      <TMMove>
        <Name>Double Team</Name>
      </TMMove>
      <TMMove>
        <Name>Facade</Name>
      </TMMove>
      <TMMove>
        <Name>Rest</Name>
      </TMMove>
      <TMMove>
        <Name>Attract</Name>
      </TMMove>
      <TMMove>
        <Name>Round</Name>
      </TMMove>
      <TMMove>
        <Name>Steel Wing</Name>
      </TMMove>
      <TMMove>
        <Name>Flash</Name>
      </TMMove>
      <TMMove>
        <Name>Swagger</Name>
      </TMMove>
      <TMMove>
        <Name>Sleep Talk</Name>
      </TMMove>
      <TMMove>
        <Name>Substitute</Name>
      </TMMove>
      <TMMove>
        <Name>Dazzling Gleam</Name>
      </TMMove>
      <TMMove>
        <Name>Confide</Name>
      </TMMove>
      <TMMove>
        <Name>Psyshock</Name>
      </TMMove>
      <TMMove>
        <Name>Calm Mind</Name>
      </TMMove>
      <TMMove>
        <Name>Sunny Day</Name>
      </TMMove>
      <TMMove>
        <Name>Light Screen</Name>
      </TMMove>
      <TMMove>
        <Name>Rain Dance</Name>
      </TMMove>
      <TMMove>
        <Name>Telekinesis</Name>
      </TMMove>
      <TMMove>
        <Name>Solar Beam</Name>
      </TMMove>
      <TMMove>
        <Name>Psychic</Name>
      </TMMove>
      <TMMove>
        <Name>Shadow Ball</Name>
      </TMMove>
      <TMMove>
        <Name>Reflect</Name>
      </TMMove>
      <TMMove>
        <Name>Aerial Ace</Name>
      </TMMove>
      <TMMove>
        <Name>Thief</Name>
      </TMMove>
      <TMMove>
        <Name>Ally Switch</Name>
      </TMMove>
      <TMMove>
        <Name>Thunder Wave</Name>
      </TMMove>
      <TMMove>
        <Name>Psych Up</Name>
      </TMMove>
      <TMMove>
        <Name>Dream Eater</Name>
      </TMMove>
      <TMMove>
        <Name>Grass Knot</Name>
      </TMMove>
      <TMMove>
        <Name>Pluck</Name>
      </TMMove>
      <TMMove>
        <Name>U-turn</Name>
      </TMMove>
      <TMMove>
        <Name>Trick Room</Name>
      </TMMove>
      <TMMove>
        <Name>Giga Drain</Name>
      </TMMove>
      <TMMove>
        <Name>Secret Power</Name>
      </TMMove>
      <TMMove>
        <Name>Skill Swap</Name>
      </TMMove>
      <TMMove>
        <Name>Endure</Name>
      </TMMove>
      <TMMove>
        <Name>Silver Wind</Name>
      </TMMove>
      <TMMove>
        <Name>Captivate</Name>
      </TMMove>
      <TMMove>
        <Name>Natural Gift</Name>
      </TMMove>
    </TMMoves>
    <EggMoves>
      <EggMove>
        <Name>Ally Switch</Name>
      </EggMove>
      <EggMove>
        <Name>Simple Beam</Name>
      </EggMove>
      <EggMove>
        <Name>Drill Peck</Name>
      </EggMove>
      <EggMove>
        <Name>Feint Attack</Name>
      </EggMove>
      <EggMove>
        <Name>Feather Dance</Name>
      </EggMove>
      <EggMove>
        <Name>Haze</Name>
      </EggMove>
      <EggMove>
        <Name>Quick Attack</Name>
      </EggMove>
      <EggMove>
        <Name>Refresh</Name>
      </EggMove>
      <EggMove>
        <Name>Roost</Name>
      </EggMove>
      <EggMove>
        <Name>Skill Swap</Name>
      </EggMove>
      <EggMove>
        <Name>Steel Wing</Name>
      </EggMove>
      <EggMove>
        <Name>Sucker Punch</Name>
      </EggMove>
      <EggMove>
        <Name>Synchronoise</Name>
      </EggMove>
      <EggMove>
        <Name>Zen Headbutt</Name>
      </EggMove>
      <EggMove>
        <Name>Psych Up</Name>
      </EggMove>
    </EggMoves>
    <DWMoves />
    <EventMoves>
      <EventMove>
        <Name>Feather Dance</Name>
      </EventMove>
      <EventMove>
        <Name>Giga Drain</Name>
      </EventMove>
    </EventMoves>
  </Moves>
</FormEntry>