﻿<?xml version="1.0" encoding="utf-8"?>
<FormEntry>
  <General>
    <FormName>Normal</FormName>
    <Height>1.4</Height>
    <Weight>61.5</Weight>
    <Male>500</Male>
    <Female>500</Female>
    <BodyStyle />
  </General>
  <BaseStats>
    <HP>90</HP>
    <Atk>75</Atk>
    <Def>75</Def>
    <SpAtk>115</SpAtk>
    <SpDef>90</SpDef>
    <Speed>55</Speed>
  </BaseStats>
  <FormInfo>
    <Type1>Electric</Type1>
    <Type2>None</Type2>
    <Ability1>Static</Ability1>
    <Ability2>None</Ability2>
    <Ability3>Plus</Ability3>
    <Exp>225</Exp>
  </FormInfo>
  <Moves>
    <LevelUpMoves>
      <LevelUpMove>
        <Level>0</Level>
        <Name>Zap Cannon</Name>
      </LevelUpMove>
      <LevelUpMove>
        <Level>0</Level>
        <Name>Magnetic Flux</Name>
      </LevelUpMove>
      <LevelUpMove>
        <Level>0</Level>
        <Name>Ion Deluge</Name>
      </LevelUpMove>
      <LevelUpMove>
        <Level>0</Level>
        <Name>Dragon Pulse</Name>
      </LevelUpMove>
      <LevelUpMove>
        <Level>0</Level>
        <Name>Fire Punch</Name>
      </LevelUpMove>
      <LevelUpMove>
        <Level>0</Level>
        <Name>Tackle</Name>
      </LevelUpMove>
      <LevelUpMove>
        <Level>0</Level>
        <Name>Growl</Name>
      </LevelUpMove>
      <LevelUpMove>
        <Level>0</Level>
        <Name>Thunder Wave</Name>
      </LevelUpMove>
      <LevelUpMove>
        <Level>0</Level>
        <Name>Thunder Shock</Name>
      </LevelUpMove>
      <LevelUpMove>
        <Level>4</Level>
        <Name>Thunder Wave</Name>
      </LevelUpMove>
      <LevelUpMove>
        <Level>8</Level>
        <Name>Thunder Shock</Name>
      </LevelUpMove>
      <LevelUpMove>
        <Level>11</Level>
        <Name>Cotton Spore</Name>
      </LevelUpMove>
      <LevelUpMove>
        <Level>16</Level>
        <Name>Charge</Name>
      </LevelUpMove>
      <LevelUpMove>
        <Level>20</Level>
        <Name>Take Down</Name>
      </LevelUpMove>
      <LevelUpMove>
        <Level>25</Level>
        <Name>Electro Ball</Name>
      </LevelUpMove>
      <LevelUpMove>
        <Level>29</Level>
        <Name>Confuse Ray</Name>
      </LevelUpMove>
      <LevelUpMove>
        <Level>30</Level>
        <Name>Thunder Punch</Name>
      </LevelUpMove>
      <LevelUpMove>
        <Level>35</Level>
        <Name>Power Gem</Name>
      </LevelUpMove>
      <LevelUpMove>
        <Level>40</Level>
        <Name>Discharge</Name>
      </LevelUpMove>
      <LevelUpMove>
        <Level>46</Level>
        <Name>Cotton Guard</Name>
      </LevelUpMove>
      <LevelUpMove>
        <Level>51</Level>
        <Name>Signal Beam</Name>
      </LevelUpMove>
      <LevelUpMove>
        <Level>57</Level>
        <Name>Light Screen</Name>
      </LevelUpMove>
      <LevelUpMove>
        <Level>62</Level>
        <Name>Thunder</Name>
      </LevelUpMove>
      <LevelUpMove>
        <Level>65</Level>
        <Name>Dragon Pulse</Name>
      </LevelUpMove>
    </LevelUpMoves>
    <TMMoves>
      <TMMove>
        <Name>Toxic</Name>
      </TMMove>
      <TMMove>
        <Name>Hidden Power</Name>
      </TMMove>
      <TMMove>
        <Name>Hyper Beam</Name>
      </TMMove>
      <TMMove>
        <Name>Light Screen</Name>
      </TMMove>
      <TMMove>
        <Name>Protect</Name>
      </TMMove>
      <TMMove>
        <Name>Rain Dance</Name>
      </TMMove>
      <TMMove>
        <Name>Safeguard</Name>
      </TMMove>
      <TMMove>
        <Name>Frustration</Name>
      </TMMove>
      <TMMove>
        <Name>Thunderbolt</Name>
      </TMMove>
      <TMMove>
        <Name>Thunder</Name>
      </TMMove>
      <TMMove>
        <Name>Return</Name>
      </TMMove>
      <TMMove>
        <Name>Brick Break</Name>
      </TMMove>
      <TMMove>
        <Name>Double Team</Name>
      </TMMove>
      <TMMove>
        <Name>Facade</Name>
      </TMMove>
      <TMMove>
        <Name>Rest</Name>
      </TMMove>
      <TMMove>
        <Name>Attract</Name>
      </TMMove>
      <TMMove>
        <Name>Round</Name>
      </TMMove>
      <TMMove>
        <Name>Echoed Voice</Name>
      </TMMove>
      <TMMove>
        <Name>Focus Blast</Name>
      </TMMove>
      <TMMove>
        <Name>Fling</Name>
      </TMMove>
      <TMMove>
        <Name>Charge Beam</Name>
      </TMMove>
      <TMMove>
        <Name>Giga Impact</Name>
      </TMMove>
      <TMMove>
        <Name>Flash</Name>
      </TMMove>
      <TMMove>
        <Name>Volt Switch</Name>
      </TMMove>
      <TMMove>
        <Name>Thunder Wave</Name>
      </TMMove>
      <TMMove>
        <Name>Bulldoze</Name>
      </TMMove>
      <TMMove>
        <Name>Swagger</Name>
      </TMMove>
      <TMMove>
        <Name>Sleep Talk</Name>
      </TMMove>
      <TMMove>
        <Name>Substitute</Name>
      </TMMove>
      <TMMove>
        <Name>Wild Charge</Name>
      </TMMove>
      <TMMove>
        <Name>Rock Smash</Name>
      </TMMove>
      <TMMove>
        <Name>Power-Up Punch</Name>
      </TMMove>
      <TMMove>
        <Name>Confide</Name>
      </TMMove>
      <TMMove>
        <Name>Strength</Name>
      </TMMove>
      <TMMove>
        <Name>Focus Punch</Name>
      </TMMove>
      <TMMove>
        <Name>Iron Tail</Name>
      </TMMove>
      <TMMove>
        <Name>Shock Wave</Name>
      </TMMove>
      <TMMove>
        <Name>Secret Power</Name>
      </TMMove>
      <TMMove>
        <Name>Endure</Name>
      </TMMove>
      <TMMove>
        <Name>Captivate</Name>
      </TMMove>
      <TMMove>
        <Name>Natural Gift</Name>
      </TMMove>
      <TMMove>
        <Name>Rock Climb</Name>
      </TMMove>
    </TMMoves>
    <EggMoves>
      <EggMove>
        <Name>After You</Name>
      </EggMove>
      <EggMove>
        <Name>Agility</Name>
      </EggMove>
      <EggMove>
        <Name>Body Slam</Name>
      </EggMove>
      <EggMove>
        <Name>Charge</Name>
      </EggMove>
      <EggMove>
        <Name>Eerie Impulse</Name>
      </EggMove>
      <EggMove>
        <Name>Electric Terrain</Name>
      </EggMove>
      <EggMove>
        <Name>Flatter</Name>
      </EggMove>
      <EggMove>
        <Name>Iron Tail</Name>
      </EggMove>
      <EggMove>
        <Name>Odor Sleuth</Name>
      </EggMove>
      <EggMove>
        <Name>Sand Attack</Name>
      </EggMove>
      <EggMove>
        <Name>Screech</Name>
      </EggMove>
      <EggMove>
        <Name>Take Down</Name>
      </EggMove>
      <EggMove>
        <Name>Reflect</Name>
      </EggMove>
      <EggMove>
        <Name>Safeguard</Name>
      </EggMove>
    </EggMoves>
    <DWMoves />
    <EventMoves />
  </Moves>
</FormEntry>