﻿<?xml version="1.0" encoding="utf-8"?>
<FormEntry>
  <General>
    <FormName>Normal</FormName>
    <Height>0.8</Height>
    <Weight>28.5</Weight>
    <Male>500</Male>
    <Female>500</Female>
    <BodyStyle />
  </General>
  <BaseStats>
    <HP>100</HP>
    <Atk>50</Atk>
    <Def>80</Def>
    <SpAtk>50</SpAtk>
    <SpDef>80</SpDef>
    <Speed>50</Speed>
  </BaseStats>
  <FormInfo>
    <Type1>Water</Type1>
    <Type2>Fairy</Type2>
    <Ability1>Thick Fat</Ability1>
    <Ability2>Huge Power</Ability2>
    <Ability3>Sap Sipper</Ability3>
    <Exp>185</Exp>
  </FormInfo>
  <Moves>
    <LevelUpMoves>
      <LevelUpMove>
        <Level>0</Level>
        <Name>Tackle</Name>
      </LevelUpMove>
      <LevelUpMove>
        <Level>0</Level>
        <Name>Bubble</Name>
      </LevelUpMove>
      <LevelUpMove>
        <Level>0</Level>
        <Name>Tail Whip</Name>
      </LevelUpMove>
      <LevelUpMove>
        <Level>0</Level>
        <Name>Water Sport</Name>
      </LevelUpMove>
      <LevelUpMove>
        <Level>0</Level>
        <Name>Water Gun</Name>
      </LevelUpMove>
      <LevelUpMove>
        <Level>2</Level>
        <Name>Tail Whip</Name>
      </LevelUpMove>
      <LevelUpMove>
        <Level>5</Level>
        <Name>Water Sport</Name>
      </LevelUpMove>
      <LevelUpMove>
        <Level>7</Level>
        <Name>Water Gun</Name>
      </LevelUpMove>
      <LevelUpMove>
        <Level>10</Level>
        <Name>Defense Curl</Name>
      </LevelUpMove>
      <LevelUpMove>
        <Level>10</Level>
        <Name>Rollout</Name>
      </LevelUpMove>
      <LevelUpMove>
        <Level>13</Level>
        <Name>Bubble Beam</Name>
      </LevelUpMove>
      <LevelUpMove>
        <Level>16</Level>
        <Name>Helping Hand</Name>
      </LevelUpMove>
      <LevelUpMove>
        <Level>21</Level>
        <Name>Aqua Tail</Name>
      </LevelUpMove>
      <LevelUpMove>
        <Level>25</Level>
        <Name>Double-Edge</Name>
      </LevelUpMove>
      <LevelUpMove>
        <Level>31</Level>
        <Name>Aqua Ring</Name>
      </LevelUpMove>
      <LevelUpMove>
        <Level>35</Level>
        <Name>Rain Dance</Name>
      </LevelUpMove>
      <LevelUpMove>
        <Level>42</Level>
        <Name>Superpower</Name>
      </LevelUpMove>
      <LevelUpMove>
        <Level>46</Level>
        <Name>Hydro Pump</Name>
      </LevelUpMove>
      <LevelUpMove>
        <Level>50</Level>
        <Name>Play Rough</Name>
      </LevelUpMove>
    </LevelUpMoves>
    <TMMoves>
      <TMMove>
        <Name>Toxic</Name>
      </TMMove>
      <TMMove>
        <Name>Hail</Name>
      </TMMove>
      <TMMove>
        <Name>Hidden Power</Name>
      </TMMove>
      <TMMove>
        <Name>Ice Beam</Name>
      </TMMove>
      <TMMove>
        <Name>Blizzard</Name>
      </TMMove>
      <TMMove>
        <Name>Hyper Beam</Name>
      </TMMove>
      <TMMove>
        <Name>Light Screen</Name>
      </TMMove>
      <TMMove>
        <Name>Protect</Name>
      </TMMove>
      <TMMove>
        <Name>Rain Dance</Name>
      </TMMove>
      <TMMove>
        <Name>Frustration</Name>
      </TMMove>
      <TMMove>
        <Name>Return</Name>
      </TMMove>
      <TMMove>
        <Name>Dig</Name>
      </TMMove>
      <TMMove>
        <Name>Brick Break</Name>
      </TMMove>
      <TMMove>
        <Name>Double Team</Name>
      </TMMove>
      <TMMove>
        <Name>Facade</Name>
      </TMMove>
      <TMMove>
        <Name>Rest</Name>
      </TMMove>
      <TMMove>
        <Name>Attract</Name>
      </TMMove>
      <TMMove>
        <Name>Round</Name>
      </TMMove>
      <TMMove>
        <Name>Focus Blast</Name>
      </TMMove>
      <TMMove>
        <Name>Scald</Name>
      </TMMove>
      <TMMove>
        <Name>Fling</Name>
      </TMMove>
      <TMMove>
        <Name>Giga Impact</Name>
      </TMMove>
      <TMMove>
        <Name>Bulldoze</Name>
      </TMMove>
      <TMMove>
        <Name>Grass Knot</Name>
      </TMMove>
      <TMMove>
        <Name>Swagger</Name>
      </TMMove>
      <TMMove>
        <Name>Sleep Talk</Name>
      </TMMove>
      <TMMove>
        <Name>Substitute</Name>
      </TMMove>
      <TMMove>
        <Name>Rock Smash</Name>
      </TMMove>
      <TMMove>
        <Name>Power-Up Punch</Name>
      </TMMove>
      <TMMove>
        <Name>Confide</Name>
      </TMMove>
      <TMMove>
        <Name>Surf</Name>
      </TMMove>
      <TMMove>
        <Name>Strength</Name>
      </TMMove>
      <TMMove>
        <Name>Waterfall</Name>
      </TMMove>
      <TMMove>
        <Name>Work Up</Name>
      </TMMove>
      <TMMove>
        <Name>Dive</Name>
      </TMMove>
      <TMMove>
        <Name>Focus Punch</Name>
      </TMMove>
      <TMMove>
        <Name>Water Pulse</Name>
      </TMMove>
      <TMMove>
        <Name>Iron Tail</Name>
      </TMMove>
      <TMMove>
        <Name>Secret Power</Name>
      </TMMove>
      <TMMove>
        <Name>Endure</Name>
      </TMMove>
      <TMMove>
        <Name>Captivate</Name>
      </TMMove>
      <TMMove>
        <Name>Natural Gift</Name>
      </TMMove>
      <TMMove>
        <Name>Whirlpool</Name>
      </TMMove>
    </TMMoves>
    <EggMoves>
      <EggMove>
        <Name>Amnesia</Name>
      </EggMove>
      <EggMove>
        <Name>Aqua Jet</Name>
      </EggMove>
      <EggMove>
        <Name>Belly Drum</Name>
      </EggMove>
      <EggMove>
        <Name>Body Slam</Name>
      </EggMove>
      <EggMove>
        <Name>Camouflage</Name>
      </EggMove>
      <EggMove>
        <Name>Copycat</Name>
      </EggMove>
      <EggMove>
        <Name>Encore</Name>
      </EggMove>
      <EggMove>
        <Name>Fake Tears</Name>
      </EggMove>
      <EggMove>
        <Name>Future Sight</Name>
      </EggMove>
      <EggMove>
        <Name>Muddy Water</Name>
      </EggMove>
      <EggMove>
        <Name>Perish Song</Name>
      </EggMove>
      <EggMove>
        <Name>Present</Name>
      </EggMove>
      <EggMove>
        <Name>Refresh</Name>
      </EggMove>
      <EggMove>
        <Name>Sing</Name>
      </EggMove>
      <EggMove>
        <Name>Slam</Name>
      </EggMove>
      <EggMove>
        <Name>Soak</Name>
      </EggMove>
      <EggMove>
        <Name>Superpower</Name>
      </EggMove>
      <EggMove>
        <Name>Supersonic</Name>
      </EggMove>
      <EggMove>
        <Name>Tickle</Name>
      </EggMove>
      <EggMove>
        <Name>Water Sport</Name>
      </EggMove>
      <EggMove>
        <Name>Light Screen</Name>
      </EggMove>
      <EggMove>
        <Name>Substitute</Name>
      </EggMove>
    </EggMoves>
    <DWMoves />
    <EventMoves />
  </Moves>
</FormEntry>