﻿<?xml version="1.0" encoding="utf-8"?>
<FormEntry>
  <General>
    <FormName>Normal</FormName>
    <Height>1.2</Height>
    <Weight>38</Weight>
    <Male>500</Male>
    <Female>500</Female>
    <BodyStyle />
  </General>
  <BaseStats>
    <HP>70</HP>
    <Atk>100</Atk>
    <Def>115</Def>
    <SpAtk>30</SpAtk>
    <SpDef>65</SpDef>
    <Speed>30</Speed>
  </BaseStats>
  <FormInfo>
    <Type1>Rock</Type1>
    <Type2>None</Type2>
    <Ability1>Sturdy</Ability1>
    <Ability2>Rock Head</Ability2>
    <Ability3>Rattled</Ability3>
    <Exp>144</Exp>
  </FormInfo>
  <Moves>
    <LevelUpMoves>
      <LevelUpMove>
        <Level>0</Level>
        <Name>Wood Hammer</Name>
      </LevelUpMove>
      <LevelUpMove>
        <Level>0</Level>
        <Name>Copycat</Name>
      </LevelUpMove>
      <LevelUpMove>
        <Level>0</Level>
        <Name>Flail</Name>
      </LevelUpMove>
      <LevelUpMove>
        <Level>0</Level>
        <Name>Low Kick</Name>
      </LevelUpMove>
      <LevelUpMove>
        <Level>0</Level>
        <Name>Rock Throw</Name>
      </LevelUpMove>
      <LevelUpMove>
        <Level>5</Level>
        <Name>Flail</Name>
      </LevelUpMove>
      <LevelUpMove>
        <Level>8</Level>
        <Name>Low Kick</Name>
      </LevelUpMove>
      <LevelUpMove>
        <Level>12</Level>
        <Name>Rock Throw</Name>
      </LevelUpMove>
      <LevelUpMove>
        <Level>15</Level>
        <Name>Mimic</Name>
      </LevelUpMove>
      <LevelUpMove>
        <Level>15</Level>
        <Name>Slam</Name>
      </LevelUpMove>
      <LevelUpMove>
        <Level>19</Level>
        <Name>Feint Attack</Name>
      </LevelUpMove>
      <LevelUpMove>
        <Level>22</Level>
        <Name>Rock Tomb</Name>
      </LevelUpMove>
      <LevelUpMove>
        <Level>26</Level>
        <Name>Block</Name>
      </LevelUpMove>
      <LevelUpMove>
        <Level>29</Level>
        <Name>Rock Slide</Name>
      </LevelUpMove>
      <LevelUpMove>
        <Level>33</Level>
        <Name>Counter</Name>
      </LevelUpMove>
      <LevelUpMove>
        <Level>36</Level>
        <Name>Sucker Punch</Name>
      </LevelUpMove>
      <LevelUpMove>
        <Level>40</Level>
        <Name>Double-Edge</Name>
      </LevelUpMove>
      <LevelUpMove>
        <Level>43</Level>
        <Name>Stone Edge</Name>
      </LevelUpMove>
      <LevelUpMove>
        <Level>47</Level>
        <Name>Hammer Arm</Name>
      </LevelUpMove>
    </LevelUpMoves>
    <TMMoves>
      <TMMove>
        <Name>Calm Mind</Name>
      </TMMove>
      <TMMove>
        <Name>Toxic</Name>
      </TMMove>
      <TMMove>
        <Name>Hidden Power</Name>
      </TMMove>
      <TMMove>
        <Name>Sunny Day</Name>
      </TMMove>
      <TMMove>
        <Name>Taunt</Name>
      </TMMove>
      <TMMove>
        <Name>Protect</Name>
      </TMMove>
      <TMMove>
        <Name>Frustration</Name>
      </TMMove>
      <TMMove>
        <Name>Smack Down</Name>
      </TMMove>
      <TMMove>
        <Name>Earthquake</Name>
      </TMMove>
      <TMMove>
        <Name>Return</Name>
      </TMMove>
      <TMMove>
        <Name>Dig</Name>
      </TMMove>
      <TMMove>
        <Name>Brick Break</Name>
      </TMMove>
      <TMMove>
        <Name>Double Team</Name>
      </TMMove>
      <TMMove>
        <Name>Sandstorm</Name>
      </TMMove>
      <TMMove>
        <Name>Rock Tomb</Name>
      </TMMove>
      <TMMove>
        <Name>Torment</Name>
      </TMMove>
      <TMMove>
        <Name>Facade</Name>
      </TMMove>
      <TMMove>
        <Name>Rest</Name>
      </TMMove>
      <TMMove>
        <Name>Attract</Name>
      </TMMove>
      <TMMove>
        <Name>Thief</Name>
      </TMMove>
      <TMMove>
        <Name>Round</Name>
      </TMMove>
      <TMMove>
        <Name>Fling</Name>
      </TMMove>
      <TMMove>
        <Name>Explosion</Name>
      </TMMove>
      <TMMove>
        <Name>Rock Polish</Name>
      </TMMove>
      <TMMove>
        <Name>Stone Edge</Name>
      </TMMove>
      <TMMove>
        <Name>Psych Up</Name>
      </TMMove>
      <TMMove>
        <Name>Bulldoze</Name>
      </TMMove>
      <TMMove>
        <Name>Rock Slide</Name>
      </TMMove>
      <TMMove>
        <Name>Swagger</Name>
      </TMMove>
      <TMMove>
        <Name>Sleep Talk</Name>
      </TMMove>
      <TMMove>
        <Name>Substitute</Name>
      </TMMove>
      <TMMove>
        <Name>Rock Smash</Name>
      </TMMove>
      <TMMove>
        <Name>Nature Power</Name>
      </TMMove>
      <TMMove>
        <Name>Power-Up Punch</Name>
      </TMMove>
      <TMMove>
        <Name>Confide</Name>
      </TMMove>
      <TMMove>
        <Name>Strength</Name>
      </TMMove>
      <TMMove>
        <Name>Focus Punch</Name>
      </TMMove>
      <TMMove>
        <Name>Secret Power</Name>
      </TMMove>
      <TMMove>
        <Name>Endure</Name>
      </TMMove>
      <TMMove>
        <Name>Stealth Rock</Name>
      </TMMove>
      <TMMove>
        <Name>Captivate</Name>
      </TMMove>
      <TMMove>
        <Name>Natural Gift</Name>
      </TMMove>
    </TMMoves>
    <EggMoves>
      <EggMove>
        <Name>Curse</Name>
      </EggMove>
      <EggMove>
        <Name>Self-Destruct</Name>
      </EggMove>
      <EggMove>
        <Name>Defense Curl</Name>
      </EggMove>
      <EggMove>
        <Name>Endure</Name>
      </EggMove>
      <EggMove>
        <Name>Harden</Name>
      </EggMove>
      <EggMove>
        <Name>Headbutt</Name>
      </EggMove>
      <EggMove>
        <Name>Rollout</Name>
      </EggMove>
      <EggMove>
        <Name>Sand Tomb</Name>
      </EggMove>
      <EggMove>
        <Name>Stealth Rock</Name>
      </EggMove>
    </EggMoves>
    <DWMoves />
    <EventMoves>
      <EventMove>
        <Name>Role Play</Name>
      </EventMove>
      <EventMove>
        <Name>Rollout</Name>
      </EventMove>
    </EventMoves>
  </Moves>
</FormEntry>