﻿<?xml version="1.0" encoding="utf-8"?>
<FormEntry>
  <General>
    <FormName>Normal</FormName>
    <Height>0.4</Height>
    <Weight>0.5</Weight>
    <Male>500</Male>
    <Female>500</Female>
    <BodyStyle />
  </General>
  <BaseStats>
    <HP>35</HP>
    <Atk>35</Atk>
    <Def>40</Def>
    <SpAtk>35</SpAtk>
    <SpDef>55</SpDef>
    <Speed>50</Speed>
  </BaseStats>
  <FormInfo>
    <Type1>Grass</Type1>
    <Type2>Flying</Type2>
    <Ability1>Chlorophyll</Ability1>
    <Ability2>Leaf Guard</Ability2>
    <Ability3>Infiltrator</Ability3>
    <Exp>50</Exp>
  </FormInfo>
  <Moves>
    <LevelUpMoves>
      <LevelUpMove>
        <Level>0</Level>
        <Name>Splash</Name>
      </LevelUpMove>
      <LevelUpMove>
        <Level>4</Level>
        <Name>Synthesis</Name>
      </LevelUpMove>
      <LevelUpMove>
        <Level>6</Level>
        <Name>Tail Whip</Name>
      </LevelUpMove>
      <LevelUpMove>
        <Level>8</Level>
        <Name>Tackle</Name>
      </LevelUpMove>
      <LevelUpMove>
        <Level>10</Level>
        <Name>Fairy Wind</Name>
      </LevelUpMove>
      <LevelUpMove>
        <Level>12</Level>
        <Name>Poison Powder</Name>
      </LevelUpMove>
      <LevelUpMove>
        <Level>14</Level>
        <Name>Stun Spore</Name>
      </LevelUpMove>
      <LevelUpMove>
        <Level>16</Level>
        <Name>Sleep Powder</Name>
      </LevelUpMove>
      <LevelUpMove>
        <Level>19</Level>
        <Name>Bullet Seed</Name>
      </LevelUpMove>
      <LevelUpMove>
        <Level>22</Level>
        <Name>Leech Seed</Name>
      </LevelUpMove>
      <LevelUpMove>
        <Level>25</Level>
        <Name>Mega Drain</Name>
      </LevelUpMove>
      <LevelUpMove>
        <Level>28</Level>
        <Name>Acrobatics</Name>
      </LevelUpMove>
      <LevelUpMove>
        <Level>31</Level>
        <Name>Rage Powder</Name>
      </LevelUpMove>
      <LevelUpMove>
        <Level>34</Level>
        <Name>Cotton Spore</Name>
      </LevelUpMove>
      <LevelUpMove>
        <Level>37</Level>
        <Name>U-turn</Name>
      </LevelUpMove>
      <LevelUpMove>
        <Level>40</Level>
        <Name>Worry Seed</Name>
      </LevelUpMove>
      <LevelUpMove>
        <Level>43</Level>
        <Name>Giga Drain</Name>
      </LevelUpMove>
      <LevelUpMove>
        <Level>46</Level>
        <Name>Bounce</Name>
      </LevelUpMove>
      <LevelUpMove>
        <Level>49</Level>
        <Name>Memento</Name>
      </LevelUpMove>
    </LevelUpMoves>
    <TMMoves>
      <TMMove>
        <Name>Toxic</Name>
      </TMMove>
      <TMMove>
        <Name>Hidden Power</Name>
      </TMMove>
      <TMMove>
        <Name>Sunny Day</Name>
      </TMMove>
      <TMMove>
        <Name>Protect</Name>
      </TMMove>
      <TMMove>
        <Name>Frustration</Name>
      </TMMove>
      <TMMove>
        <Name>Solar Beam</Name>
      </TMMove>
      <TMMove>
        <Name>Return</Name>
      </TMMove>
      <TMMove>
        <Name>Double Team</Name>
      </TMMove>
      <TMMove>
        <Name>Reflect</Name>
      </TMMove>
      <TMMove>
        <Name>Aerial Ace</Name>
      </TMMove>
      <TMMove>
        <Name>Facade</Name>
      </TMMove>
      <TMMove>
        <Name>Rest</Name>
      </TMMove>
      <TMMove>
        <Name>Attract</Name>
      </TMMove>
      <TMMove>
        <Name>Round</Name>
      </TMMove>
      <TMMove>
        <Name>Energy Ball</Name>
      </TMMove>
      <TMMove>
        <Name>Acrobatics</Name>
      </TMMove>
      <TMMove>
        <Name>Flash</Name>
      </TMMove>
      <TMMove>
        <Name>Swords Dance</Name>
      </TMMove>
      <TMMove>
        <Name>Psych Up</Name>
      </TMMove>
      <TMMove>
        <Name>Infestation</Name>
      </TMMove>
      <TMMove>
        <Name>Grass Knot</Name>
      </TMMove>
      <TMMove>
        <Name>Swagger</Name>
      </TMMove>
      <TMMove>
        <Name>Sleep Talk</Name>
      </TMMove>
      <TMMove>
        <Name>U-turn</Name>
      </TMMove>
      <TMMove>
        <Name>Substitute</Name>
      </TMMove>
      <TMMove>
        <Name>Dazzling Gleam</Name>
      </TMMove>
      <TMMove>
        <Name>Confide</Name>
      </TMMove>
      <TMMove>
        <Name>Bullet Seed</Name>
      </TMMove>
      <TMMove>
        <Name>Giga Drain</Name>
      </TMMove>
      <TMMove>
        <Name>Secret Power</Name>
      </TMMove>
      <TMMove>
        <Name>Endure</Name>
      </TMMove>
      <TMMove>
        <Name>Silver Wind</Name>
      </TMMove>
      <TMMove>
        <Name>Captivate</Name>
      </TMMove>
      <TMMove>
        <Name>Natural Gift</Name>
      </TMMove>
    </TMMoves>
    <EggMoves>
      <EggMove>
        <Name>Amnesia</Name>
      </EggMove>
      <EggMove>
        <Name>Cotton Guard</Name>
      </EggMove>
      <EggMove>
        <Name>Grassy Terrain</Name>
      </EggMove>
      <EggMove>
        <Name>Aromatherapy</Name>
      </EggMove>
      <EggMove>
        <Name>Confusion</Name>
      </EggMove>
      <EggMove>
        <Name>Double-Edge</Name>
      </EggMove>
      <EggMove>
        <Name>Encore</Name>
      </EggMove>
      <EggMove>
        <Name>Endure</Name>
      </EggMove>
      <EggMove>
        <Name>Helping Hand</Name>
      </EggMove>
      <EggMove>
        <Name>Seed Bomb</Name>
      </EggMove>
      <EggMove>
        <Name>Worry Seed</Name>
      </EggMove>
      <EggMove>
        <Name>Reflect</Name>
      </EggMove>
      <EggMove>
        <Name>Psych Up</Name>
      </EggMove>
    </EggMoves>
    <DWMoves />
    <EventMoves>
      <EventMove>
        <Name>Bullet Seed</Name>
      </EventMove>
      <EventMove>
        <Name>Helping Hand</Name>
      </EventMove>
      <EventMove>
        <Name>Bounce</Name>
      </EventMove>
      <EventMove>
        <Name>Encore</Name>
      </EventMove>
    </EventMoves>
  </Moves>
</FormEntry>