﻿<?xml version="1.0" encoding="utf-8"?>
<FormEntry>
  <General>
    <FormName>Normal</FormName>
    <Height>0.8</Height>
    <Weight>11.5</Weight>
    <Male>500</Male>
    <Female>500</Female>
    <BodyStyle />
  </General>
  <BaseStats>
    <HP>55</HP>
    <Atk>70</Atk>
    <Def>55</Def>
    <SpAtk>40</SpAtk>
    <SpDef>55</SpDef>
    <Speed>85</Speed>
  </BaseStats>
  <FormInfo>
    <Type1>Normal</Type1>
    <Type2>None</Type2>
    <Ability1>Run Away</Ability1>
    <Ability2>Pickup</Ability2>
    <Ability3>Skill Link</Ability3>
    <Exp>72</Exp>
  </FormInfo>
  <Moves>
    <LevelUpMoves>
      <LevelUpMove>
        <Level>0</Level>
        <Name>Scratch</Name>
      </LevelUpMove>
      <LevelUpMove>
        <Level>0</Level>
        <Name>Tail Whip</Name>
      </LevelUpMove>
      <LevelUpMove>
        <Level>4</Level>
        <Name>Sand Attack</Name>
      </LevelUpMove>
      <LevelUpMove>
        <Level>8</Level>
        <Name>Astonish</Name>
      </LevelUpMove>
      <LevelUpMove>
        <Level>11</Level>
        <Name>Baton Pass</Name>
      </LevelUpMove>
      <LevelUpMove>
        <Level>15</Level>
        <Name>Tickle</Name>
      </LevelUpMove>
      <LevelUpMove>
        <Level>18</Level>
        <Name>Fury Swipes</Name>
      </LevelUpMove>
      <LevelUpMove>
        <Level>22</Level>
        <Name>Swift</Name>
      </LevelUpMove>
      <LevelUpMove>
        <Level>25</Level>
        <Name>Screech</Name>
      </LevelUpMove>
      <LevelUpMove>
        <Level>29</Level>
        <Name>Agility</Name>
      </LevelUpMove>
      <LevelUpMove>
        <Level>32</Level>
        <Name>Double Hit</Name>
      </LevelUpMove>
      <LevelUpMove>
        <Level>36</Level>
        <Name>Fling</Name>
      </LevelUpMove>
      <LevelUpMove>
        <Level>39</Level>
        <Name>Nasty Plot</Name>
      </LevelUpMove>
      <LevelUpMove>
        <Level>43</Level>
        <Name>Last Resort</Name>
      </LevelUpMove>
    </LevelUpMoves>
    <TMMoves>
      <TMMove>
        <Name>Hone Claws</Name>
      </TMMove>
      <TMMove>
        <Name>Toxic</Name>
      </TMMove>
      <TMMove>
        <Name>Hidden Power</Name>
      </TMMove>
      <TMMove>
        <Name>Sunny Day</Name>
      </TMMove>
      <TMMove>
        <Name>Taunt</Name>
      </TMMove>
      <TMMove>
        <Name>Protect</Name>
      </TMMove>
      <TMMove>
        <Name>Rain Dance</Name>
      </TMMove>
      <TMMove>
        <Name>Frustration</Name>
      </TMMove>
      <TMMove>
        <Name>Solar Beam</Name>
      </TMMove>
      <TMMove>
        <Name>Thunderbolt</Name>
      </TMMove>
      <TMMove>
        <Name>Thunder</Name>
      </TMMove>
      <TMMove>
        <Name>Return</Name>
      </TMMove>
      <TMMove>
        <Name>Dig</Name>
      </TMMove>
      <TMMove>
        <Name>Shadow Ball</Name>
      </TMMove>
      <TMMove>
        <Name>Brick Break</Name>
      </TMMove>
      <TMMove>
        <Name>Double Team</Name>
      </TMMove>
      <TMMove>
        <Name>Aerial Ace</Name>
      </TMMove>
      <TMMove>
        <Name>Facade</Name>
      </TMMove>
      <TMMove>
        <Name>Rest</Name>
      </TMMove>
      <TMMove>
        <Name>Attract</Name>
      </TMMove>
      <TMMove>
        <Name>Thief</Name>
      </TMMove>
      <TMMove>
        <Name>Low Sweep</Name>
      </TMMove>
      <TMMove>
        <Name>Round</Name>
      </TMMove>
      <TMMove>
        <Name>Fling</Name>
      </TMMove>
      <TMMove>
        <Name>Acrobatics</Name>
      </TMMove>
      <TMMove>
        <Name>Shadow Claw</Name>
      </TMMove>
      <TMMove>
        <Name>Payback</Name>
      </TMMove>
      <TMMove>
        <Name>Retaliate</Name>
      </TMMove>
      <TMMove>
        <Name>Thunder Wave</Name>
      </TMMove>
      <TMMove>
        <Name>Work Up</Name>
      </TMMove>
      <TMMove>
        <Name>Dream Eater</Name>
      </TMMove>
      <TMMove>
        <Name>Grass Knot</Name>
      </TMMove>
      <TMMove>
        <Name>Swagger</Name>
      </TMMove>
      <TMMove>
        <Name>U-turn</Name>
      </TMMove>
      <TMMove>
        <Name>Substitute</Name>
      </TMMove>
      <TMMove>
        <Name>Rock Smash</Name>
      </TMMove>
      <TMMove>
        <Name>Cut</Name>
      </TMMove>
      <TMMove>
        <Name>Strength</Name>
      </TMMove>
      <TMMove>
        <Name>Focus Punch</Name>
      </TMMove>
      <TMMove>
        <Name>Water Pulse</Name>
      </TMMove>
      <TMMove>
        <Name>Iron Tail</Name>
      </TMMove>
      <TMMove>
        <Name>Shock Wave</Name>
      </TMMove>
      <TMMove>
        <Name>Secret Power</Name>
      </TMMove>
      <TMMove>
        <Name>Snatch</Name>
      </TMMove>
      <TMMove>
        <Name>Endure</Name>
      </TMMove>
      <TMMove>
        <Name>Captivate</Name>
      </TMMove>
      <TMMove>
        <Name>Sleep Talk</Name>
      </TMMove>
      <TMMove>
        <Name>Natural Gift</Name>
      </TMMove>
      <TMMove>
        <Name>Skill Swap</Name>
      </TMMove>
    </TMMoves>
    <EggMoves>
      <EggMove>
        <Name>Agility</Name>
      </EggMove>
      <EggMove>
        <Name>Fake Out</Name>
      </EggMove>
      <EggMove>
        <Name>Pursuit</Name>
      </EggMove>
      <EggMove>
        <Name>Quick Guard</Name>
      </EggMove>
      <EggMove>
        <Name>Screech</Name>
      </EggMove>
      <EggMove>
        <Name>Switcheroo</Name>
      </EggMove>
      <EggMove>
        <Name>Beat Up</Name>
      </EggMove>
      <EggMove>
        <Name>Bounce</Name>
      </EggMove>
      <EggMove>
        <Name>Counter</Name>
      </EggMove>
      <EggMove>
        <Name>Covet</Name>
      </EggMove>
      <EggMove>
        <Name>Double Slap</Name>
      </EggMove>
      <EggMove>
        <Name>Revenge</Name>
      </EggMove>
      <EggMove>
        <Name>Slam</Name>
      </EggMove>
      <EggMove>
        <Name>Spite</Name>
      </EggMove>
    </EggMoves>
    <DWMoves />
    <EventMoves>
      <EventMove>
        <Name>Fake Out</Name>
      </EventMove>
      <EventMove>
        <Name>Fire Punch</Name>
      </EventMove>
    </EventMoves>
  </Moves>
</FormEntry>