﻿<?xml version="1.0" encoding="utf-8"?>
<FormEntry>
  <General>
    <FormName>Normal</FormName>
    <Height>0.3</Height>
    <Weight>1.8</Weight>
    <Male>500</Male>
    <Female>500</Female>
    <BodyStyle />
  </General>
  <BaseStats>
    <HP>30</HP>
    <Atk>30</Atk>
    <Def>30</Def>
    <SpAtk>30</SpAtk>
    <SpDef>30</SpDef>
    <Speed>30</Speed>
  </BaseStats>
  <FormInfo>
    <Type1>Grass</Type1>
    <Type2>None</Type2>
    <Ability1>Chlorophyll</Ability1>
    <Ability2>Solar Power</Ability2>
    <Ability3>Early Bird</Ability3>
    <Exp>36</Exp>
  </FormInfo>
  <Moves>
    <LevelUpMoves>
      <LevelUpMove>
        <Level>0</Level>
        <Name>Absorb</Name>
      </LevelUpMove>
      <LevelUpMove>
        <Level>0</Level>
        <Name>Growth</Name>
      </LevelUpMove>
      <LevelUpMove>
        <Level>4</Level>
        <Name>Ingrain</Name>
      </LevelUpMove>
      <LevelUpMove>
        <Level>7</Level>
        <Name>Grass Whistle</Name>
      </LevelUpMove>
      <LevelUpMove>
        <Level>10</Level>
        <Name>Mega Drain</Name>
      </LevelUpMove>
      <LevelUpMove>
        <Level>13</Level>
        <Name>Leech Seed</Name>
      </LevelUpMove>
      <LevelUpMove>
        <Level>16</Level>
        <Name>Razor Leaf</Name>
      </LevelUpMove>
      <LevelUpMove>
        <Level>19</Level>
        <Name>Worry Seed</Name>
      </LevelUpMove>
      <LevelUpMove>
        <Level>22</Level>
        <Name>Giga Drain</Name>
      </LevelUpMove>
      <LevelUpMove>
        <Level>25</Level>
        <Name>Endeavor</Name>
      </LevelUpMove>
      <LevelUpMove>
        <Level>28</Level>
        <Name>Synthesis</Name>
      </LevelUpMove>
      <LevelUpMove>
        <Level>31</Level>
        <Name>Natural Gift</Name>
      </LevelUpMove>
      <LevelUpMove>
        <Level>34</Level>
        <Name>Solar Beam</Name>
      </LevelUpMove>
      <LevelUpMove>
        <Level>37</Level>
        <Name>Double-Edge</Name>
      </LevelUpMove>
      <LevelUpMove>
        <Level>40</Level>
        <Name>Sunny Day</Name>
      </LevelUpMove>
      <LevelUpMove>
        <Level>43</Level>
        <Name>Seed Bomb</Name>
      </LevelUpMove>
    </LevelUpMoves>
    <TMMoves>
      <TMMove>
        <Name>Toxic</Name>
      </TMMove>
      <TMMove>
        <Name>Hidden Power</Name>
      </TMMove>
      <TMMove>
        <Name>Sunny Day</Name>
      </TMMove>
      <TMMove>
        <Name>Light Screen</Name>
      </TMMove>
      <TMMove>
        <Name>Protect</Name>
      </TMMove>
      <TMMove>
        <Name>Safeguard</Name>
      </TMMove>
      <TMMove>
        <Name>Frustration</Name>
      </TMMove>
      <TMMove>
        <Name>Solar Beam</Name>
      </TMMove>
      <TMMove>
        <Name>Return</Name>
      </TMMove>
      <TMMove>
        <Name>Double Team</Name>
      </TMMove>
      <TMMove>
        <Name>Sludge Bomb</Name>
      </TMMove>
      <TMMove>
        <Name>Facade</Name>
      </TMMove>
      <TMMove>
        <Name>Rest</Name>
      </TMMove>
      <TMMove>
        <Name>Attract</Name>
      </TMMove>
      <TMMove>
        <Name>Round</Name>
      </TMMove>
      <TMMove>
        <Name>Energy Ball</Name>
      </TMMove>
      <TMMove>
        <Name>Flash</Name>
      </TMMove>
      <TMMove>
        <Name>Swords Dance</Name>
      </TMMove>
      <TMMove>
        <Name>Grass Knot</Name>
      </TMMove>
      <TMMove>
        <Name>Swagger</Name>
      </TMMove>
      <TMMove>
        <Name>Substitute</Name>
      </TMMove>
      <TMMove>
        <Name>Cut</Name>
      </TMMove>
      <TMMove>
        <Name>Bullet Seed</Name>
      </TMMove>
      <TMMove>
        <Name>Giga Drain</Name>
      </TMMove>
      <TMMove>
        <Name>Secret Power</Name>
      </TMMove>
      <TMMove>
        <Name>Endure</Name>
      </TMMove>
      <TMMove>
        <Name>Captivate</Name>
      </TMMove>
      <TMMove>
        <Name>Sleep Talk</Name>
      </TMMove>
      <TMMove>
        <Name>Natural Gift</Name>
      </TMMove>
    </TMMoves>
    <EggMoves>
      <EggMove>
        <Name>Curse</Name>
      </EggMove>
      <EggMove>
        <Name>Grassy Terrain</Name>
      </EggMove>
      <EggMove>
        <Name>Bide</Name>
      </EggMove>
      <EggMove>
        <Name>Encore</Name>
      </EggMove>
      <EggMove>
        <Name>Endure</Name>
      </EggMove>
      <EggMove>
        <Name>Grass Whistle</Name>
      </EggMove>
      <EggMove>
        <Name>Helping Hand</Name>
      </EggMove>
      <EggMove>
        <Name>Ingrain</Name>
      </EggMove>
      <EggMove>
        <Name>Leech Seed</Name>
      </EggMove>
      <EggMove>
        <Name>Morning Sun</Name>
      </EggMove>
      <EggMove>
        <Name>Natural Gift</Name>
      </EggMove>
      <EggMove>
        <Name>Nature Power</Name>
      </EggMove>
      <EggMove>
        <Name>Sweet Scent</Name>
      </EggMove>
    </EggMoves>
    <DWMoves />
    <EventMoves>
      <EventMove>
        <Name>Earth Power</Name>
      </EventMove>
      <EventMove>
        <Name>Sweet Scent</Name>
      </EventMove>
    </EventMoves>
  </Moves>
</FormEntry>