﻿<?xml version="1.0" encoding="utf-8"?>
<FormEntry>
  <General>
    <FormName>Normal</FormName>
    <Height>0.4</Height>
    <Weight>8.5</Weight>
    <Male>500</Male>
    <Female>500</Female>
    <BodyStyle />
  </General>
  <BaseStats>
    <HP>55</HP>
    <Atk>45</Atk>
    <Def>45</Def>
    <SpAtk>25</SpAtk>
    <SpDef>25</SpDef>
    <Speed>15</Speed>
  </BaseStats>
  <FormInfo>
    <Type1>Water</Type1>
    <Type2>Ground</Type2>
    <Ability1>Damp</Ability1>
    <Ability2>Water Absorb</Ability2>
    <Ability3>Unaware</Ability3>
    <Exp>42</Exp>
  </FormInfo>
  <Moves>
    <LevelUpMoves>
      <LevelUpMove>
        <Level>0</Level>
        <Name>Water Gun</Name>
      </LevelUpMove>
      <LevelUpMove>
        <Level>0</Level>
        <Name>Tail Whip</Name>
      </LevelUpMove>
      <LevelUpMove>
        <Level>5</Level>
        <Name>Mud Sport</Name>
      </LevelUpMove>
      <LevelUpMove>
        <Level>9</Level>
        <Name>Mud Shot</Name>
      </LevelUpMove>
      <LevelUpMove>
        <Level>15</Level>
        <Name>Slam</Name>
      </LevelUpMove>
      <LevelUpMove>
        <Level>19</Level>
        <Name>Mud Bomb</Name>
      </LevelUpMove>
      <LevelUpMove>
        <Level>23</Level>
        <Name>Amnesia</Name>
      </LevelUpMove>
      <LevelUpMove>
        <Level>29</Level>
        <Name>Yawn</Name>
      </LevelUpMove>
      <LevelUpMove>
        <Level>33</Level>
        <Name>Earthquake</Name>
      </LevelUpMove>
      <LevelUpMove>
        <Level>37</Level>
        <Name>Rain Dance</Name>
      </LevelUpMove>
      <LevelUpMove>
        <Level>43</Level>
        <Name>Mist</Name>
      </LevelUpMove>
      <LevelUpMove>
        <Level>43</Level>
        <Name>Haze</Name>
      </LevelUpMove>
      <LevelUpMove>
        <Level>47</Level>
        <Name>Muddy Water</Name>
      </LevelUpMove>
    </LevelUpMoves>
    <TMMoves>
      <TMMove>
        <Name>Toxic</Name>
      </TMMove>
      <TMMove>
        <Name>Hail</Name>
      </TMMove>
      <TMMove>
        <Name>Hidden Power</Name>
      </TMMove>
      <TMMove>
        <Name>Ice Beam</Name>
      </TMMove>
      <TMMove>
        <Name>Blizzard</Name>
      </TMMove>
      <TMMove>
        <Name>Protect</Name>
      </TMMove>
      <TMMove>
        <Name>Rain Dance</Name>
      </TMMove>
      <TMMove>
        <Name>Safeguard</Name>
      </TMMove>
      <TMMove>
        <Name>Frustration</Name>
      </TMMove>
      <TMMove>
        <Name>Earthquake</Name>
      </TMMove>
      <TMMove>
        <Name>Return</Name>
      </TMMove>
      <TMMove>
        <Name>Dig</Name>
      </TMMove>
      <TMMove>
        <Name>Double Team</Name>
      </TMMove>
      <TMMove>
        <Name>Sludge Wave</Name>
      </TMMove>
      <TMMove>
        <Name>Sludge Bomb</Name>
      </TMMove>
      <TMMove>
        <Name>Sandstorm</Name>
      </TMMove>
      <TMMove>
        <Name>Facade</Name>
      </TMMove>
      <TMMove>
        <Name>Rest</Name>
      </TMMove>
      <TMMove>
        <Name>Attract</Name>
      </TMMove>
      <TMMove>
        <Name>Round</Name>
      </TMMove>
      <TMMove>
        <Name>Scald</Name>
      </TMMove>
      <TMMove>
        <Name>Flash</Name>
      </TMMove>
      <TMMove>
        <Name>Bulldoze</Name>
      </TMMove>
      <TMMove>
        <Name>Infestation</Name>
      </TMMove>
      <TMMove>
        <Name>Swagger</Name>
      </TMMove>
      <TMMove>
        <Name>Sleep Talk</Name>
      </TMMove>
      <TMMove>
        <Name>Substitute</Name>
      </TMMove>
      <TMMove>
        <Name>Rock Smash</Name>
      </TMMove>
      <TMMove>
        <Name>Confide</Name>
      </TMMove>
      <TMMove>
        <Name>Surf</Name>
      </TMMove>
      <TMMove>
        <Name>Waterfall</Name>
      </TMMove>
      <TMMove>
        <Name>Dive</Name>
      </TMMove>
      <TMMove>
        <Name>Water Pulse</Name>
      </TMMove>
      <TMMove>
        <Name>Iron Tail</Name>
      </TMMove>
      <TMMove>
        <Name>Secret Power</Name>
      </TMMove>
      <TMMove>
        <Name>Endure</Name>
      </TMMove>
      <TMMove>
        <Name>Captivate</Name>
      </TMMove>
      <TMMove>
        <Name>Natural Gift</Name>
      </TMMove>
      <TMMove>
        <Name>Whirlpool</Name>
      </TMMove>
    </TMMoves>
    <EggMoves>
      <EggMove>
        <Name>Curse</Name>
      </EggMove>
      <EggMove>
        <Name>Eerie Impulse</Name>
      </EggMove>
      <EggMove>
        <Name>Guard Swap</Name>
      </EggMove>
      <EggMove>
        <Name>Recover</Name>
      </EggMove>
      <EggMove>
        <Name>Acid Spray</Name>
      </EggMove>
      <EggMove>
        <Name>After You</Name>
      </EggMove>
      <EggMove>
        <Name>Ancient Power</Name>
      </EggMove>
      <EggMove>
        <Name>Body Slam</Name>
      </EggMove>
      <EggMove>
        <Name>Counter</Name>
      </EggMove>
      <EggMove>
        <Name>Double Kick</Name>
      </EggMove>
      <EggMove>
        <Name>Encore</Name>
      </EggMove>
      <EggMove>
        <Name>Mud Sport</Name>
      </EggMove>
      <EggMove>
        <Name>Sleep Talk</Name>
      </EggMove>
      <EggMove>
        <Name>Spit Up</Name>
      </EggMove>
      <EggMove>
        <Name>Stockpile</Name>
      </EggMove>
      <EggMove>
        <Name>Swallow</Name>
      </EggMove>
      <EggMove>
        <Name>Safeguard</Name>
      </EggMove>
    </EggMoves>
    <DWMoves />
    <EventMoves>
      <EventMove>
        <Name>Aqua Tail</Name>
      </EventMove>
      <EventMove>
        <Name>Body Slam</Name>
      </EventMove>
    </EventMoves>
  </Moves>
</FormEntry>