﻿<?xml version="1.0" encoding="utf-8"?>
<FormEntry>
  <General>
    <FormName>Normal</FormName>
    <Height>0.5</Height>
    <Weight>5</Weight>
    <Male>0</Male>
    <Female>0</Female>
    <BodyStyle />
  </General>
  <BaseStats>
    <HP>48</HP>
    <Atk>72</Atk>
    <Def>48</Def>
    <SpAtk>72</SpAtk>
    <SpDef>48</SpDef>
    <Speed>48</Speed>
  </BaseStats>
  <FormInfo>
    <Type1>Psychic</Type1>
    <Type2>None</Type2>
    <Ability1>Levitate</Ability1>
    <Ability2>None</Ability2>
    <Ability3>None</Ability3>
    <Exp>118</Exp>
  </FormInfo>
  <Moves>
    <LevelUpMoves>
      <LevelUpMove>
        <Level>0</Level>
        <Name>Hidden Power</Name>
      </LevelUpMove>
    </LevelUpMoves>
    <TMMoves />
    <EggMoves />
    <DWMoves />
    <EventMoves />
  </Moves>
</FormEntry>