﻿<?xml version="1.0" encoding="utf-8"?>
<FormEntry>
  <General>
    <FormName>Normal</FormName>
    <Height>1.3</Height>
    <Weight>28.5</Weight>
    <Male>500</Male>
    <Female>500</Female>
    <BodyStyle />
  </General>
  <BaseStats>
    <HP>190</HP>
    <Atk>33</Atk>
    <Def>58</Def>
    <SpAtk>33</SpAtk>
    <SpDef>58</SpDef>
    <Speed>33</Speed>
  </BaseStats>
  <FormInfo>
    <Type1>Psychic</Type1>
    <Type2>None</Type2>
    <Ability1>Shadow Tag</Ability1>
    <Ability2>None</Ability2>
    <Ability3>Telepathy</Ability3>
    <Exp>142</Exp>
  </FormInfo>
  <Moves>
    <LevelUpMoves>
      <LevelUpMove>
        <Level>0</Level>
        <Name>Counter</Name>
      </LevelUpMove>
      <LevelUpMove>
        <Level>0</Level>
        <Name>Mirror Coat</Name>
      </LevelUpMove>
      <LevelUpMove>
        <Level>0</Level>
        <Name>Safeguard</Name>
      </LevelUpMove>
      <LevelUpMove>
        <Level>0</Level>
        <Name>Destiny Bond</Name>
      </LevelUpMove>
    </LevelUpMoves>
    <TMMoves>
      <TMMove>
        <Name>Safeguard</Name>
      </TMMove>
    </TMMoves>
    <EggMoves />
    <DWMoves />
    <EventMoves>
      <EventMove>
        <Name>Charm</Name>
      </EventMove>
      <EventMove>
        <Name>Encore</Name>
      </EventMove>
    </EventMoves>
  </Moves>
</FormEntry>