﻿<?xml version="1.0" encoding="utf-8"?>
<FormEntry>
  <General>
    <FormName>Normal</FormName>
    <Height>0.6</Height>
    <Weight>7.2</Weight>
    <Male>500</Male>
    <Female>500</Female>
    <BodyStyle />
  </General>
  <BaseStats>
    <HP>50</HP>
    <Atk>65</Atk>
    <Def>90</Def>
    <SpAtk>35</SpAtk>
    <SpDef>35</SpDef>
    <Speed>15</Speed>
  </BaseStats>
  <FormInfo>
    <Type1>Bug</Type1>
    <Type2>None</Type2>
    <Ability1>Sturdy</Ability1>
    <Ability2>None</Ability2>
    <Ability3>Overcoat</Ability3>
    <Exp>58</Exp>
  </FormInfo>
  <Moves>
    <LevelUpMoves>
      <LevelUpMove>
        <Level>0</Level>
        <Name>Tackle</Name>
      </LevelUpMove>
      <LevelUpMove>
        <Level>0</Level>
        <Name>Protect</Name>
      </LevelUpMove>
      <LevelUpMove>
        <Level>6</Level>
        <Name>Self-Destruct</Name>
      </LevelUpMove>
      <LevelUpMove>
        <Level>9</Level>
        <Name>Bug Bite</Name>
      </LevelUpMove>
      <LevelUpMove>
        <Level>12</Level>
        <Name>Take Down</Name>
      </LevelUpMove>
      <LevelUpMove>
        <Level>17</Level>
        <Name>Rapid Spin</Name>
      </LevelUpMove>
      <LevelUpMove>
        <Level>20</Level>
        <Name>Bide</Name>
      </LevelUpMove>
      <LevelUpMove>
        <Level>23</Level>
        <Name>Natural Gift</Name>
      </LevelUpMove>
      <LevelUpMove>
        <Level>28</Level>
        <Name>Spikes</Name>
      </LevelUpMove>
      <LevelUpMove>
        <Level>31</Level>
        <Name>Payback</Name>
      </LevelUpMove>
      <LevelUpMove>
        <Level>34</Level>
        <Name>Explosion</Name>
      </LevelUpMove>
      <LevelUpMove>
        <Level>39</Level>
        <Name>Iron Defense</Name>
      </LevelUpMove>
      <LevelUpMove>
        <Level>42</Level>
        <Name>Gyro Ball</Name>
      </LevelUpMove>
      <LevelUpMove>
        <Level>45</Level>
        <Name>Double-Edge</Name>
      </LevelUpMove>
    </LevelUpMoves>
    <TMMoves>
      <TMMove>
        <Name>Toxic</Name>
      </TMMove>
      <TMMove>
        <Name>Venoshock</Name>
      </TMMove>
      <TMMove>
        <Name>Hidden Power</Name>
      </TMMove>
      <TMMove>
        <Name>Sunny Day</Name>
      </TMMove>
      <TMMove>
        <Name>Light Screen</Name>
      </TMMove>
      <TMMove>
        <Name>Protect</Name>
      </TMMove>
      <TMMove>
        <Name>Frustration</Name>
      </TMMove>
      <TMMove>
        <Name>Solar Beam</Name>
      </TMMove>
      <TMMove>
        <Name>Earthquake</Name>
      </TMMove>
      <TMMove>
        <Name>Return</Name>
      </TMMove>
      <TMMove>
        <Name>Dig</Name>
      </TMMove>
      <TMMove>
        <Name>Double Team</Name>
      </TMMove>
      <TMMove>
        <Name>Reflect</Name>
      </TMMove>
      <TMMove>
        <Name>Sandstorm</Name>
      </TMMove>
      <TMMove>
        <Name>Rock Tomb</Name>
      </TMMove>
      <TMMove>
        <Name>Facade</Name>
      </TMMove>
      <TMMove>
        <Name>Rest</Name>
      </TMMove>
      <TMMove>
        <Name>Attract</Name>
      </TMMove>
      <TMMove>
        <Name>Round</Name>
      </TMMove>
      <TMMove>
        <Name>Explosion</Name>
      </TMMove>
      <TMMove>
        <Name>Payback</Name>
      </TMMove>
      <TMMove>
        <Name>Gyro Ball</Name>
      </TMMove>
      <TMMove>
        <Name>Struggle Bug</Name>
      </TMMove>
      <TMMove>
        <Name>Bulldoze</Name>
      </TMMove>
      <TMMove>
        <Name>Rock Slide</Name>
      </TMMove>
      <TMMove>
        <Name>Swagger</Name>
      </TMMove>
      <TMMove>
        <Name>Substitute</Name>
      </TMMove>
      <TMMove>
        <Name>Rock Smash</Name>
      </TMMove>
      <TMMove>
        <Name>Strength</Name>
      </TMMove>
      <TMMove>
        <Name>Giga Drain</Name>
      </TMMove>
      <TMMove>
        <Name>Secret Power</Name>
      </TMMove>
      <TMMove>
        <Name>Endure</Name>
      </TMMove>
      <TMMove>
        <Name>Stealth Rock</Name>
      </TMMove>
      <TMMove>
        <Name>Captivate</Name>
      </TMMove>
      <TMMove>
        <Name>Sleep Talk</Name>
      </TMMove>
      <TMMove>
        <Name>Natural Gift</Name>
      </TMMove>
    </TMMoves>
    <EggMoves>
      <EggMove>
        <Name>Counter</Name>
      </EggMove>
      <EggMove>
        <Name>Double-Edge</Name>
      </EggMove>
      <EggMove>
        <Name>Endure</Name>
      </EggMove>
      <EggMove>
        <Name>Flail</Name>
      </EggMove>
      <EggMove>
        <Name>Pin Missile</Name>
      </EggMove>
      <EggMove>
        <Name>Power Trick</Name>
      </EggMove>
      <EggMove>
        <Name>Revenge</Name>
      </EggMove>
      <EggMove>
        <Name>Sand Tomb</Name>
      </EggMove>
      <EggMove>
        <Name>Stealth Rock</Name>
      </EggMove>
      <EggMove>
        <Name>Swift</Name>
      </EggMove>
      <EggMove>
        <Name>Toxic Spikes</Name>
      </EggMove>
      <EggMove>
        <Name>Reflect</Name>
      </EggMove>
    </EggMoves>
    <DWMoves />
    <EventMoves>
      <EventMove>
        <Name>Toxic Spikes</Name>
      </EventMove>
      <EventMove>
        <Name>Gravity</Name>
      </EventMove>
    </EventMoves>
  </Moves>
</FormEntry>