﻿<?xml version="1.0" encoding="utf-8"?>
<FormEntry>
  <General>
    <FormName>Normal</FormName>
    <Height>1.5</Height>
    <Weight>14</Weight>
    <Male>500</Male>
    <Female>500</Female>
    <BodyStyle />
  </General>
  <BaseStats>
    <HP>100</HP>
    <Atk>70</Atk>
    <Def>70</Def>
    <SpAtk>65</SpAtk>
    <SpDef>65</SpDef>
    <Speed>45</Speed>
  </BaseStats>
  <FormInfo>
    <Type1>Normal</Type1>
    <Type2>None</Type2>
    <Ability1>Serene Grace</Ability1>
    <Ability2>Run Away</Ability2>
    <Ability3>Rattled</Ability3>
    <Exp>145</Exp>
  </FormInfo>
  <Moves>
    <LevelUpMoves>
      <LevelUpMove>
        <Level>0</Level>
        <Name>Rage</Name>
      </LevelUpMove>
      <LevelUpMove>
        <Level>0</Level>
        <Name>Defense Curl</Name>
      </LevelUpMove>
      <LevelUpMove>
        <Level>4</Level>
        <Name>Rollout</Name>
      </LevelUpMove>
      <LevelUpMove>
        <Level>7</Level>
        <Name>Spite</Name>
      </LevelUpMove>
      <LevelUpMove>
        <Level>10</Level>
        <Name>Pursuit</Name>
      </LevelUpMove>
      <LevelUpMove>
        <Level>13</Level>
        <Name>Screech</Name>
      </LevelUpMove>
      <LevelUpMove>
        <Level>16</Level>
        <Name>Yawn</Name>
      </LevelUpMove>
      <LevelUpMove>
        <Level>19</Level>
        <Name>Ancient Power</Name>
      </LevelUpMove>
      <LevelUpMove>
        <Level>22</Level>
        <Name>Take Down</Name>
      </LevelUpMove>
      <LevelUpMove>
        <Level>25</Level>
        <Name>Roost</Name>
      </LevelUpMove>
      <LevelUpMove>
        <Level>28</Level>
        <Name>Glare</Name>
      </LevelUpMove>
      <LevelUpMove>
        <Level>31</Level>
        <Name>Dig</Name>
      </LevelUpMove>
      <LevelUpMove>
        <Level>34</Level>
        <Name>Double-Edge</Name>
      </LevelUpMove>
      <LevelUpMove>
        <Level>37</Level>
        <Name>Coil</Name>
      </LevelUpMove>
      <LevelUpMove>
        <Level>40</Level>
        <Name>Endure</Name>
      </LevelUpMove>
      <LevelUpMove>
        <Level>43</Level>
        <Name>Drill Run</Name>
      </LevelUpMove>
      <LevelUpMove>
        <Level>46</Level>
        <Name>Endeavor</Name>
      </LevelUpMove>
      <LevelUpMove>
        <Level>49</Level>
        <Name>Flail</Name>
      </LevelUpMove>
    </LevelUpMoves>
    <TMMoves>
      <TMMove>
        <Name>Calm Mind</Name>
      </TMMove>
      <TMMove>
        <Name>Toxic</Name>
      </TMMove>
      <TMMove>
        <Name>Hidden Power</Name>
      </TMMove>
      <TMMove>
        <Name>Sunny Day</Name>
      </TMMove>
      <TMMove>
        <Name>Ice Beam</Name>
      </TMMove>
      <TMMove>
        <Name>Blizzard</Name>
      </TMMove>
      <TMMove>
        <Name>Protect</Name>
      </TMMove>
      <TMMove>
        <Name>Rain Dance</Name>
      </TMMove>
      <TMMove>
        <Name>Roost</Name>
      </TMMove>
      <TMMove>
        <Name>Frustration</Name>
      </TMMove>
      <TMMove>
        <Name>Solar Beam</Name>
      </TMMove>
      <TMMove>
        <Name>Thunderbolt</Name>
      </TMMove>
      <TMMove>
        <Name>Thunder</Name>
      </TMMove>
      <TMMove>
        <Name>Earthquake</Name>
      </TMMove>
      <TMMove>
        <Name>Return</Name>
      </TMMove>
      <TMMove>
        <Name>Dig</Name>
      </TMMove>
      <TMMove>
        <Name>Shadow Ball</Name>
      </TMMove>
      <TMMove>
        <Name>Double Team</Name>
      </TMMove>
      <TMMove>
        <Name>Flamethrower</Name>
      </TMMove>
      <TMMove>
        <Name>Fire Blast</Name>
      </TMMove>
      <TMMove>
        <Name>Rock Tomb</Name>
      </TMMove>
      <TMMove>
        <Name>Facade</Name>
      </TMMove>
      <TMMove>
        <Name>Rest</Name>
      </TMMove>
      <TMMove>
        <Name>Attract</Name>
      </TMMove>
      <TMMove>
        <Name>Thief</Name>
      </TMMove>
      <TMMove>
        <Name>Round</Name>
      </TMMove>
      <TMMove>
        <Name>Charge Beam</Name>
      </TMMove>
      <TMMove>
        <Name>Incinerate</Name>
      </TMMove>
      <TMMove>
        <Name>Retaliate</Name>
      </TMMove>
      <TMMove>
        <Name>Thunder Wave</Name>
      </TMMove>
      <TMMove>
        <Name>Gyro Ball</Name>
      </TMMove>
      <TMMove>
        <Name>Psych Up</Name>
      </TMMove>
      <TMMove>
        <Name>Bulldoze</Name>
      </TMMove>
      <TMMove>
        <Name>Rock Slide</Name>
      </TMMove>
      <TMMove>
        <Name>Poison Jab</Name>
      </TMMove>
      <TMMove>
        <Name>Dream Eater</Name>
      </TMMove>
      <TMMove>
        <Name>Swagger</Name>
      </TMMove>
      <TMMove>
        <Name>Sleep Talk</Name>
      </TMMove>
      <TMMove>
        <Name>Substitute</Name>
      </TMMove>
      <TMMove>
        <Name>Wild Charge</Name>
      </TMMove>
      <TMMove>
        <Name>Rock Smash</Name>
      </TMMove>
      <TMMove>
        <Name>Confide</Name>
      </TMMove>
      <TMMove>
        <Name>Strength</Name>
      </TMMove>
      <TMMove>
        <Name>Water Pulse</Name>
      </TMMove>
      <TMMove>
        <Name>Iron Tail</Name>
      </TMMove>
      <TMMove>
        <Name>Shock Wave</Name>
      </TMMove>
      <TMMove>
        <Name>Secret Power</Name>
      </TMMove>
      <TMMove>
        <Name>Endure</Name>
      </TMMove>
      <TMMove>
        <Name>Stealth Rock</Name>
      </TMMove>
      <TMMove>
        <Name>Captivate</Name>
      </TMMove>
      <TMMove>
        <Name>Natural Gift</Name>
      </TMMove>
    </TMMoves>
    <EggMoves>
      <EggMove>
        <Name>Magic Coat</Name>
      </EggMove>
      <EggMove>
        <Name>Agility</Name>
      </EggMove>
      <EggMove>
        <Name>Ancient Power</Name>
      </EggMove>
      <EggMove>
        <Name>Astonish</Name>
      </EggMove>
      <EggMove>
        <Name>Bide</Name>
      </EggMove>
      <EggMove>
        <Name>Bite</Name>
      </EggMove>
      <EggMove>
        <Name>Curse</Name>
      </EggMove>
      <EggMove>
        <Name>Headbutt</Name>
      </EggMove>
      <EggMove>
        <Name>Hex</Name>
      </EggMove>
      <EggMove>
        <Name>Secret Power</Name>
      </EggMove>
      <EggMove>
        <Name>Sleep Talk</Name>
      </EggMove>
      <EggMove>
        <Name>Snore</Name>
      </EggMove>
      <EggMove>
        <Name>Trump Card</Name>
      </EggMove>
      <EggMove>
        <Name>Rock Slide</Name>
      </EggMove>
    </EggMoves>
    <DWMoves />
    <EventMoves>
      <EventMove>
        <Name>Stealth Rock</Name>
      </EventMove>
      <EventMove>
        <Name>Magic Coat</Name>
      </EventMove>
    </EventMoves>
  </Moves>
</FormEntry>