﻿<?xml version="1.0" encoding="utf-8"?>
<FormEntry>
  <General>
    <FormName>Normal</FormName>
    <Height>1.1</Height>
    <Weight>64.8</Weight>
    <Male>500</Male>
    <Female>500</Female>
    <BodyStyle />
  </General>
  <BaseStats>
    <HP>65</HP>
    <Atk>75</Atk>
    <Def>105</Def>
    <SpAtk>35</SpAtk>
    <SpDef>65</SpDef>
    <Speed>85</Speed>
  </BaseStats>
  <FormInfo>
    <Type1>Ground</Type1>
    <Type2>Flying</Type2>
    <Ability1>Hyper Cutter</Ability1>
    <Ability2>Sand Veil</Ability2>
    <Ability3>Immunity</Ability3>
    <Exp>86</Exp>
  </FormInfo>
  <Moves>
    <LevelUpMoves>
      <LevelUpMove>
        <Level>0</Level>
        <Name>Poison Sting</Name>
      </LevelUpMove>
      <LevelUpMove>
        <Level>4</Level>
        <Name>Sand Attack</Name>
      </LevelUpMove>
      <LevelUpMove>
        <Level>7</Level>
        <Name>Harden</Name>
      </LevelUpMove>
      <LevelUpMove>
        <Level>10</Level>
        <Name>Knock Off</Name>
      </LevelUpMove>
      <LevelUpMove>
        <Level>13</Level>
        <Name>Quick Attack</Name>
      </LevelUpMove>
      <LevelUpMove>
        <Level>16</Level>
        <Name>Fury Cutter</Name>
      </LevelUpMove>
      <LevelUpMove>
        <Level>19</Level>
        <Name>Feint Attack</Name>
      </LevelUpMove>
      <LevelUpMove>
        <Level>22</Level>
        <Name>Acrobatics</Name>
      </LevelUpMove>
      <LevelUpMove>
        <Level>27</Level>
        <Name>Slash</Name>
      </LevelUpMove>
      <LevelUpMove>
        <Level>30</Level>
        <Name>U-turn</Name>
      </LevelUpMove>
      <LevelUpMove>
        <Level>35</Level>
        <Name>Screech</Name>
      </LevelUpMove>
      <LevelUpMove>
        <Level>40</Level>
        <Name>X-Scissor</Name>
      </LevelUpMove>
      <LevelUpMove>
        <Level>45</Level>
        <Name>Sky Uppercut</Name>
      </LevelUpMove>
      <LevelUpMove>
        <Level>50</Level>
        <Name>Swords Dance</Name>
      </LevelUpMove>
      <LevelUpMove>
        <Level>55</Level>
        <Name>Guillotine</Name>
      </LevelUpMove>
    </LevelUpMoves>
    <TMMoves>
      <TMMove>
        <Name>Hone Claws</Name>
      </TMMove>
      <TMMove>
        <Name>Toxic</Name>
      </TMMove>
      <TMMove>
        <Name>Venoshock</Name>
      </TMMove>
      <TMMove>
        <Name>Hidden Power</Name>
      </TMMove>
      <TMMove>
        <Name>Sunny Day</Name>
      </TMMove>
      <TMMove>
        <Name>Taunt</Name>
      </TMMove>
      <TMMove>
        <Name>Protect</Name>
      </TMMove>
      <TMMove>
        <Name>Rain Dance</Name>
      </TMMove>
      <TMMove>
        <Name>Frustration</Name>
      </TMMove>
      <TMMove>
        <Name>Earthquake</Name>
      </TMMove>
      <TMMove>
        <Name>Return</Name>
      </TMMove>
      <TMMove>
        <Name>Dig</Name>
      </TMMove>
      <TMMove>
        <Name>Brick Break</Name>
      </TMMove>
      <TMMove>
        <Name>Double Team</Name>
      </TMMove>
      <TMMove>
        <Name>Sludge Bomb</Name>
      </TMMove>
      <TMMove>
        <Name>Sandstorm</Name>
      </TMMove>
      <TMMove>
        <Name>Rock Tomb</Name>
      </TMMove>
      <TMMove>
        <Name>Aerial Ace</Name>
      </TMMove>
      <TMMove>
        <Name>Torment</Name>
      </TMMove>
      <TMMove>
        <Name>Facade</Name>
      </TMMove>
      <TMMove>
        <Name>Rest</Name>
      </TMMove>
      <TMMove>
        <Name>Attract</Name>
      </TMMove>
      <TMMove>
        <Name>Thief</Name>
      </TMMove>
      <TMMove>
        <Name>Round</Name>
      </TMMove>
      <TMMove>
        <Name>False Swipe</Name>
      </TMMove>
      <TMMove>
        <Name>Fling</Name>
      </TMMove>
      <TMMove>
        <Name>Acrobatics</Name>
      </TMMove>
      <TMMove>
        <Name>Payback</Name>
      </TMMove>
      <TMMove>
        <Name>Rock Polish</Name>
      </TMMove>
      <TMMove>
        <Name>Stone Edge</Name>
      </TMMove>
      <TMMove>
        <Name>Swords Dance</Name>
      </TMMove>
      <TMMove>
        <Name>Struggle Bug</Name>
      </TMMove>
      <TMMove>
        <Name>Bulldoze</Name>
      </TMMove>
      <TMMove>
        <Name>Rock Slide</Name>
      </TMMove>
      <TMMove>
        <Name>X-Scissor</Name>
      </TMMove>
      <TMMove>
        <Name>Poison Jab</Name>
      </TMMove>
      <TMMove>
        <Name>Swagger</Name>
      </TMMove>
      <TMMove>
        <Name>U-turn</Name>
      </TMMove>
      <TMMove>
        <Name>Substitute</Name>
      </TMMove>
      <TMMove>
        <Name>Rock Smash</Name>
      </TMMove>
      <TMMove>
        <Name>Cut</Name>
      </TMMove>
      <TMMove>
        <Name>Strength</Name>
      </TMMove>
      <TMMove>
        <Name>Iron Tail</Name>
      </TMMove>
      <TMMove>
        <Name>Secret Power</Name>
      </TMMove>
      <TMMove>
        <Name>Steel Wing</Name>
      </TMMove>
      <TMMove>
        <Name>Roost</Name>
      </TMMove>
      <TMMove>
        <Name>Endure</Name>
      </TMMove>
      <TMMove>
        <Name>Stealth Rock</Name>
      </TMMove>
      <TMMove>
        <Name>Captivate</Name>
      </TMMove>
      <TMMove>
        <Name>Dark Pulse</Name>
      </TMMove>
      <TMMove>
        <Name>Sleep Talk</Name>
      </TMMove>
      <TMMove>
        <Name>Natural Gift</Name>
      </TMMove>
      <TMMove>
        <Name>Defog</Name>
      </TMMove>
    </TMMoves>
    <EggMoves>
      <EggMove>
        <Name>Cross Poison</Name>
      </EggMove>
      <EggMove>
        <Name>Night Slash</Name>
      </EggMove>
      <EggMove>
        <Name>Razor Wind</Name>
      </EggMove>
      <EggMove>
        <Name>Agility</Name>
      </EggMove>
      <EggMove>
        <Name>Baton Pass</Name>
      </EggMove>
      <EggMove>
        <Name>Counter</Name>
      </EggMove>
      <EggMove>
        <Name>Double-Edge</Name>
      </EggMove>
      <EggMove>
        <Name>Feint</Name>
      </EggMove>
      <EggMove>
        <Name>Metal Claw</Name>
      </EggMove>
      <EggMove>
        <Name>Poison Tail</Name>
      </EggMove>
      <EggMove>
        <Name>Power Trick</Name>
      </EggMove>
      <EggMove>
        <Name>Rock Climb</Name>
      </EggMove>
      <EggMove>
        <Name>Sand Tomb</Name>
      </EggMove>
      <EggMove>
        <Name>Wing Attack</Name>
      </EggMove>
    </EggMoves>
    <DWMoves />
    <EventMoves>
      <EventMove>
        <Name>Feint</Name>
      </EventMove>
      <EventMove>
        <Name>Tailwind</Name>
      </EventMove>
    </EventMoves>
  </Moves>
</FormEntry>