﻿<?xml version="1.0" encoding="utf-8"?>
<FormEntry>
  <General>
    <FormName>Normal</FormName>
    <Height>9.2</Height>
    <Weight>400</Weight>
    <Male>500</Male>
    <Female>500</Female>
    <BodyStyle />
  </General>
  <BaseStats>
    <HP>75</HP>
    <Atk>85</Atk>
    <Def>200</Def>
    <SpAtk>55</SpAtk>
    <SpDef>65</SpDef>
    <Speed>30</Speed>
  </BaseStats>
  <FormInfo>
    <Type1>Steel</Type1>
    <Type2>Ground</Type2>
    <Ability1>Rock Head</Ability1>
    <Ability2>Sturdy</Ability2>
    <Ability3>Sheer Force</Ability3>
    <Exp>179</Exp>
  </FormInfo>
  <Moves>
    <LevelUpMoves>
      <LevelUpMove>
        <Level>0</Level>
        <Name>Thunder Fang</Name>
      </LevelUpMove>
      <LevelUpMove>
        <Level>0</Level>
        <Name>Ice Fang</Name>
      </LevelUpMove>
      <LevelUpMove>
        <Level>0</Level>
        <Name>Fire Fang</Name>
      </LevelUpMove>
      <LevelUpMove>
        <Level>0</Level>
        <Name>Mud Sport</Name>
      </LevelUpMove>
      <LevelUpMove>
        <Level>0</Level>
        <Name>Tackle</Name>
      </LevelUpMove>
      <LevelUpMove>
        <Level>0</Level>
        <Name>Harden</Name>
      </LevelUpMove>
      <LevelUpMove>
        <Level>0</Level>
        <Name>Bind</Name>
      </LevelUpMove>
      <LevelUpMove>
        <Level>4</Level>
        <Name>Curse</Name>
      </LevelUpMove>
      <LevelUpMove>
        <Level>7</Level>
        <Name>Rock Throw</Name>
      </LevelUpMove>
      <LevelUpMove>
        <Level>10</Level>
        <Name>Rock Tomb</Name>
      </LevelUpMove>
      <LevelUpMove>
        <Level>13</Level>
        <Name>Rage</Name>
      </LevelUpMove>
      <LevelUpMove>
        <Level>16</Level>
        <Name>Stealth Rock</Name>
      </LevelUpMove>
      <LevelUpMove>
        <Level>19</Level>
        <Name>Autotomize</Name>
      </LevelUpMove>
      <LevelUpMove>
        <Level>20</Level>
        <Name>Gyro Ball</Name>
      </LevelUpMove>
      <LevelUpMove>
        <Level>22</Level>
        <Name>Smack Down</Name>
      </LevelUpMove>
      <LevelUpMove>
        <Level>25</Level>
        <Name>Dragon Breath</Name>
      </LevelUpMove>
      <LevelUpMove>
        <Level>28</Level>
        <Name>Slam</Name>
      </LevelUpMove>
      <LevelUpMove>
        <Level>31</Level>
        <Name>Screech</Name>
      </LevelUpMove>
      <LevelUpMove>
        <Level>34</Level>
        <Name>Rock Slide</Name>
      </LevelUpMove>
      <LevelUpMove>
        <Level>37</Level>
        <Name>Crunch</Name>
      </LevelUpMove>
      <LevelUpMove>
        <Level>40</Level>
        <Name>Iron Tail</Name>
      </LevelUpMove>
      <LevelUpMove>
        <Level>43</Level>
        <Name>Dig</Name>
      </LevelUpMove>
      <LevelUpMove>
        <Level>46</Level>
        <Name>Stone Edge</Name>
      </LevelUpMove>
      <LevelUpMove>
        <Level>49</Level>
        <Name>Double-Edge</Name>
      </LevelUpMove>
      <LevelUpMove>
        <Level>52</Level>
        <Name>Sandstorm</Name>
      </LevelUpMove>
    </LevelUpMoves>
    <TMMoves>
      <TMMove>
        <Name>Toxic</Name>
      </TMMove>
      <TMMove>
        <Name>Hidden Power</Name>
      </TMMove>
      <TMMove>
        <Name>Sunny Day</Name>
      </TMMove>
      <TMMove>
        <Name>Taunt</Name>
      </TMMove>
      <TMMove>
        <Name>Protect</Name>
      </TMMove>
      <TMMove>
        <Name>Frustration</Name>
      </TMMove>
      <TMMove>
        <Name>Smack Down</Name>
      </TMMove>
      <TMMove>
        <Name>Earthquake</Name>
      </TMMove>
      <TMMove>
        <Name>Return</Name>
      </TMMove>
      <TMMove>
        <Name>Dig</Name>
      </TMMove>
      <TMMove>
        <Name>Double Team</Name>
      </TMMove>
      <TMMove>
        <Name>Sandstorm</Name>
      </TMMove>
      <TMMove>
        <Name>Rock Tomb</Name>
      </TMMove>
      <TMMove>
        <Name>Torment</Name>
      </TMMove>
      <TMMove>
        <Name>Facade</Name>
      </TMMove>
      <TMMove>
        <Name>Rest</Name>
      </TMMove>
      <TMMove>
        <Name>Attract</Name>
      </TMMove>
      <TMMove>
        <Name>Round</Name>
      </TMMove>
      <TMMove>
        <Name>Explosion</Name>
      </TMMove>
      <TMMove>
        <Name>Payback</Name>
      </TMMove>
      <TMMove>
        <Name>Rock Polish</Name>
      </TMMove>
      <TMMove>
        <Name>Stone Edge</Name>
      </TMMove>
      <TMMove>
        <Name>Gyro Ball</Name>
      </TMMove>
      <TMMove>
        <Name>Psych Up</Name>
      </TMMove>
      <TMMove>
        <Name>Rock Slide</Name>
      </TMMove>
      <TMMove>
        <Name>Dragon Tail</Name>
      </TMMove>
      <TMMove>
        <Name>Swagger</Name>
      </TMMove>
      <TMMove>
        <Name>Sleep Talk</Name>
      </TMMove>
      <TMMove>
        <Name>Substitute</Name>
      </TMMove>
      <TMMove>
        <Name>Flash Cannon</Name>
      </TMMove>
      <TMMove>
        <Name>Rock Smash</Name>
      </TMMove>
      <TMMove>
        <Name>Nature Power</Name>
      </TMMove>
      <TMMove>
        <Name>Dark Pulse</Name>
      </TMMove>
      <TMMove>
        <Name>Confide</Name>
      </TMMove>
      <TMMove>
        <Name>Cut</Name>
      </TMMove>
      <TMMove>
        <Name>Strength</Name>
      </TMMove>
      <TMMove>
        <Name>Roar</Name>
      </TMMove>
      <TMMove>
        <Name>Hyper Beam</Name>
      </TMMove>
      <TMMove>
        <Name>Giga Impact</Name>
      </TMMove>
      <TMMove>
        <Name>Bulldoze</Name>
      </TMMove>
      <TMMove>
        <Name>Iron Tail</Name>
      </TMMove>
      <TMMove>
        <Name>Secret Power</Name>
      </TMMove>
      <TMMove>
        <Name>Endure</Name>
      </TMMove>
      <TMMove>
        <Name>Dragon Pulse</Name>
      </TMMove>
      <TMMove>
        <Name>Stealth Rock</Name>
      </TMMove>
      <TMMove>
        <Name>Captivate</Name>
      </TMMove>
      <TMMove>
        <Name>Natural Gift</Name>
      </TMMove>
      <TMMove>
        <Name>Rock Climb</Name>
      </TMMove>
    </TMMoves>
    <EggMoves>
      <EggMove>
        <Name>Block</Name>
      </EggMove>
      <EggMove>
        <Name>Heavy Slam</Name>
      </EggMove>
      <EggMove>
        <Name>Rototiller</Name>
      </EggMove>
      <EggMove>
        <Name>Stealth Rock</Name>
      </EggMove>
      <EggMove>
        <Name>Defense Curl</Name>
      </EggMove>
      <EggMove>
        <Name>Flail</Name>
      </EggMove>
      <EggMove>
        <Name>Rock Blast</Name>
      </EggMove>
      <EggMove>
        <Name>Rock Climb</Name>
      </EggMove>
      <EggMove>
        <Name>Rollout</Name>
      </EggMove>
      <EggMove>
        <Name>Explosion</Name>
      </EggMove>
      <EggMove>
        <Name>Rock Slide</Name>
      </EggMove>
    </EggMoves>
    <DWMoves />
    <EventMoves />
  </Moves>
</FormEntry>