﻿<?xml version="1.0" encoding="utf-8"?>
<FormEntry>
  <General>
    <FormName>Normal</FormName>
    <Height>0.6</Height>
    <Weight>20.5</Weight>
    <Male>500</Male>
    <Female>500</Female>
    <BodyStyle />
  </General>
  <BaseStats>
    <HP>20</HP>
    <Atk>10</Atk>
    <Def>230</Def>
    <SpAtk>10</SpAtk>
    <SpDef>230</SpDef>
    <Speed>5</Speed>
  </BaseStats>
  <FormInfo>
    <Type1>Bug</Type1>
    <Type2>Rock</Type2>
    <Ability1>Sturdy</Ability1>
    <Ability2>Gluttony</Ability2>
    <Ability3>Contrary</Ability3>
    <Exp>177</Exp>
  </FormInfo>
  <Moves>
    <LevelUpMoves>
      <LevelUpMove>
        <Level>0</Level>
        <Name>Sticky Web</Name>
      </LevelUpMove>
      <LevelUpMove>
        <Level>0</Level>
        <Name>Withdraw</Name>
      </LevelUpMove>
      <LevelUpMove>
        <Level>0</Level>
        <Name>Constrict</Name>
      </LevelUpMove>
      <LevelUpMove>
        <Level>0</Level>
        <Name>Bide</Name>
      </LevelUpMove>
      <LevelUpMove>
        <Level>0</Level>
        <Name>Rollout</Name>
      </LevelUpMove>
      <LevelUpMove>
        <Level>5</Level>
        <Name>Encore</Name>
      </LevelUpMove>
      <LevelUpMove>
        <Level>9</Level>
        <Name>Wrap</Name>
      </LevelUpMove>
      <LevelUpMove>
        <Level>12</Level>
        <Name>Struggle Bug</Name>
      </LevelUpMove>
      <LevelUpMove>
        <Level>16</Level>
        <Name>Safeguard</Name>
      </LevelUpMove>
      <LevelUpMove>
        <Level>20</Level>
        <Name>Rest</Name>
      </LevelUpMove>
      <LevelUpMove>
        <Level>23</Level>
        <Name>Rock Throw</Name>
      </LevelUpMove>
      <LevelUpMove>
        <Level>27</Level>
        <Name>Gastro Acid</Name>
      </LevelUpMove>
      <LevelUpMove>
        <Level>31</Level>
        <Name>Power Trick</Name>
      </LevelUpMove>
      <LevelUpMove>
        <Level>34</Level>
        <Name>Shell Smash</Name>
      </LevelUpMove>
      <LevelUpMove>
        <Level>38</Level>
        <Name>Rock Slide</Name>
      </LevelUpMove>
      <LevelUpMove>
        <Level>42</Level>
        <Name>Bug Bite</Name>
      </LevelUpMove>
      <LevelUpMove>
        <Level>45</Level>
        <Name>Power Split</Name>
      </LevelUpMove>
      <LevelUpMove>
        <Level>45</Level>
        <Name>Guard Split</Name>
      </LevelUpMove>
      <LevelUpMove>
        <Level>49</Level>
        <Name>Stone Edge</Name>
      </LevelUpMove>
      <LevelUpMove>
        <Level>53</Level>
        <Name>Sticky Web</Name>
      </LevelUpMove>
    </LevelUpMoves>
    <TMMoves>
      <TMMove>
        <Name>Toxic</Name>
      </TMMove>
      <TMMove>
        <Name>Venoshock</Name>
      </TMMove>
      <TMMove>
        <Name>Hidden Power</Name>
      </TMMove>
      <TMMove>
        <Name>Sunny Day</Name>
      </TMMove>
      <TMMove>
        <Name>Protect</Name>
      </TMMove>
      <TMMove>
        <Name>Safeguard</Name>
      </TMMove>
      <TMMove>
        <Name>Frustration</Name>
      </TMMove>
      <TMMove>
        <Name>Smack Down</Name>
      </TMMove>
      <TMMove>
        <Name>Earthquake</Name>
      </TMMove>
      <TMMove>
        <Name>Return</Name>
      </TMMove>
      <TMMove>
        <Name>Dig</Name>
      </TMMove>
      <TMMove>
        <Name>Double Team</Name>
      </TMMove>
      <TMMove>
        <Name>Sludge Wave</Name>
      </TMMove>
      <TMMove>
        <Name>Sludge Bomb</Name>
      </TMMove>
      <TMMove>
        <Name>Sandstorm</Name>
      </TMMove>
      <TMMove>
        <Name>Rock Tomb</Name>
      </TMMove>
      <TMMove>
        <Name>Facade</Name>
      </TMMove>
      <TMMove>
        <Name>Rest</Name>
      </TMMove>
      <TMMove>
        <Name>Attract</Name>
      </TMMove>
      <TMMove>
        <Name>Round</Name>
      </TMMove>
      <TMMove>
        <Name>Rock Polish</Name>
      </TMMove>
      <TMMove>
        <Name>Flash</Name>
      </TMMove>
      <TMMove>
        <Name>Stone Edge</Name>
      </TMMove>
      <TMMove>
        <Name>Gyro Ball</Name>
      </TMMove>
      <TMMove>
        <Name>Struggle Bug</Name>
      </TMMove>
      <TMMove>
        <Name>Bulldoze</Name>
      </TMMove>
      <TMMove>
        <Name>Rock Slide</Name>
      </TMMove>
      <TMMove>
        <Name>Swagger</Name>
      </TMMove>
      <TMMove>
        <Name>Substitute</Name>
      </TMMove>
      <TMMove>
        <Name>Rock Smash</Name>
      </TMMove>
      <TMMove>
        <Name>Strength</Name>
      </TMMove>
      <TMMove>
        <Name>Secret Power</Name>
      </TMMove>
      <TMMove>
        <Name>Endure</Name>
      </TMMove>
      <TMMove>
        <Name>Stealth Rock</Name>
      </TMMove>
      <TMMove>
        <Name>Captivate</Name>
      </TMMove>
      <TMMove>
        <Name>Sleep Talk</Name>
      </TMMove>
      <TMMove>
        <Name>Natural Gift</Name>
      </TMMove>
    </TMMoves>
    <EggMoves>
      <EggMove>
        <Name>Acid</Name>
      </EggMove>
      <EggMove>
        <Name>Acupressure</Name>
      </EggMove>
      <EggMove>
        <Name>Final Gambit</Name>
      </EggMove>
      <EggMove>
        <Name>Helping Hand</Name>
      </EggMove>
      <EggMove>
        <Name>Knock Off</Name>
      </EggMove>
      <EggMove>
        <Name>Mud-Slap</Name>
      </EggMove>
      <EggMove>
        <Name>Rock Blast</Name>
      </EggMove>
      <EggMove>
        <Name>Sand Tomb</Name>
      </EggMove>
      <EggMove>
        <Name>Sweet Scent</Name>
      </EggMove>
    </EggMoves>
    <DWMoves />
    <EventMoves>
      <EventMove>
        <Name>Helping Hand</Name>
      </EventMove>
      <EventMove>
        <Name>Shell Smash</Name>
      </EventMove>
    </EventMoves>
  </Moves>
</FormEntry>