﻿<?xml version="1.0" encoding="utf-8"?>
<FormEntry>
  <General>
    <FormName>Normal</FormName>
    <Height>0.7</Height>
    <Weight>35</Weight>
    <Male>500</Male>
    <Female>500</Female>
    <BodyStyle />
  </General>
  <BaseStats>
    <HP>40</HP>
    <Atk>40</Atk>
    <Def>40</Def>
    <SpAtk>70</SpAtk>
    <SpDef>40</SpDef>
    <Speed>20</Speed>
  </BaseStats>
  <FormInfo>
    <Type1>Fire</Type1>
    <Type2>None</Type2>
    <Ability1>Magma Armor</Ability1>
    <Ability2>Flame Body</Ability2>
    <Ability3>Weak Armor</Ability3>
    <Exp>50</Exp>
  </FormInfo>
  <Moves>
    <LevelUpMoves>
      <LevelUpMove>
        <Level>0</Level>
        <Name>Yawn</Name>
      </LevelUpMove>
      <LevelUpMove>
        <Level>0</Level>
        <Name>Smog</Name>
      </LevelUpMove>
      <LevelUpMove>
        <Level>5</Level>
        <Name>Ember</Name>
      </LevelUpMove>
      <LevelUpMove>
        <Level>10</Level>
        <Name>Rock Throw</Name>
      </LevelUpMove>
      <LevelUpMove>
        <Level>14</Level>
        <Name>Harden</Name>
      </LevelUpMove>
      <LevelUpMove>
        <Level>19</Level>
        <Name>Recover</Name>
      </LevelUpMove>
      <LevelUpMove>
        <Level>23</Level>
        <Name>Flame Burst</Name>
      </LevelUpMove>
      <LevelUpMove>
        <Level>28</Level>
        <Name>Ancient Power</Name>
      </LevelUpMove>
      <LevelUpMove>
        <Level>32</Level>
        <Name>Amnesia</Name>
      </LevelUpMove>
      <LevelUpMove>
        <Level>37</Level>
        <Name>Lava Plume</Name>
      </LevelUpMove>
      <LevelUpMove>
        <Level>41</Level>
        <Name>Rock Slide</Name>
      </LevelUpMove>
      <LevelUpMove>
        <Level>46</Level>
        <Name>Body Slam</Name>
      </LevelUpMove>
      <LevelUpMove>
        <Level>50</Level>
        <Name>Flamethrower</Name>
      </LevelUpMove>
      <LevelUpMove>
        <Level>55</Level>
        <Name>Earth Power</Name>
      </LevelUpMove>
    </LevelUpMoves>
    <TMMoves>
      <TMMove>
        <Name>Toxic</Name>
      </TMMove>
      <TMMove>
        <Name>Hidden Power</Name>
      </TMMove>
      <TMMove>
        <Name>Sunny Day</Name>
      </TMMove>
      <TMMove>
        <Name>Light Screen</Name>
      </TMMove>
      <TMMove>
        <Name>Protect</Name>
      </TMMove>
      <TMMove>
        <Name>Frustration</Name>
      </TMMove>
      <TMMove>
        <Name>Return</Name>
      </TMMove>
      <TMMove>
        <Name>Double Team</Name>
      </TMMove>
      <TMMove>
        <Name>Reflect</Name>
      </TMMove>
      <TMMove>
        <Name>Flamethrower</Name>
      </TMMove>
      <TMMove>
        <Name>Fire Blast</Name>
      </TMMove>
      <TMMove>
        <Name>Rock Tomb</Name>
      </TMMove>
      <TMMove>
        <Name>Facade</Name>
      </TMMove>
      <TMMove>
        <Name>Flame Charge</Name>
      </TMMove>
      <TMMove>
        <Name>Rest</Name>
      </TMMove>
      <TMMove>
        <Name>Attract</Name>
      </TMMove>
      <TMMove>
        <Name>Round</Name>
      </TMMove>
      <TMMove>
        <Name>Overheat</Name>
      </TMMove>
      <TMMove>
        <Name>Incinerate</Name>
      </TMMove>
      <TMMove>
        <Name>Will-O-Wisp</Name>
      </TMMove>
      <TMMove>
        <Name>Rock Slide</Name>
      </TMMove>
      <TMMove>
        <Name>Infestation</Name>
      </TMMove>
      <TMMove>
        <Name>Swagger</Name>
      </TMMove>
      <TMMove>
        <Name>Sleep Talk</Name>
      </TMMove>
      <TMMove>
        <Name>Substitute</Name>
      </TMMove>
      <TMMove>
        <Name>Rock Smash</Name>
      </TMMove>
      <TMMove>
        <Name>Nature Power</Name>
      </TMMove>
      <TMMove>
        <Name>Confide</Name>
      </TMMove>
      <TMMove>
        <Name>Secret Power</Name>
      </TMMove>
      <TMMove>
        <Name>Endure</Name>
      </TMMove>
      <TMMove>
        <Name>Captivate</Name>
      </TMMove>
      <TMMove>
        <Name>Natural Gift</Name>
      </TMMove>
    </TMMoves>
    <EggMoves>
      <EggMove>
        <Name>Guard Swap</Name>
      </EggMove>
      <EggMove>
        <Name>Acid Armor</Name>
      </EggMove>
      <EggMove>
        <Name>Curse</Name>
      </EggMove>
      <EggMove>
        <Name>Earth Power</Name>
      </EggMove>
      <EggMove>
        <Name>Inferno</Name>
      </EggMove>
      <EggMove>
        <Name>Heat Wave</Name>
      </EggMove>
      <EggMove>
        <Name>Memento</Name>
      </EggMove>
      <EggMove>
        <Name>Rollout</Name>
      </EggMove>
      <EggMove>
        <Name>Smokescreen</Name>
      </EggMove>
      <EggMove>
        <Name>Spit Up</Name>
      </EggMove>
      <EggMove>
        <Name>Stockpile</Name>
      </EggMove>
      <EggMove>
        <Name>Swallow</Name>
      </EggMove>
    </EggMoves>
    <DWMoves />
    <EventMoves>
      <EventMove>
        <Name>Inferno</Name>
      </EventMove>
      <EventMove>
        <Name>Heat Wave</Name>
      </EventMove>
    </EventMoves>
  </Moves>
</FormEntry>