﻿<?xml version="1.0" encoding="utf-8"?>
<FormEntry>
  <General>
    <FormName>Normal</FormName>
    <Height>0.6</Height>
    <Weight>5</Weight>
    <Male>250</Male>
    <Female>750</Female>
    <BodyStyle />
  </General>
  <BaseStats>
    <HP>55</HP>
    <Atk>55</Atk>
    <Def>85</Def>
    <SpAtk>65</SpAtk>
    <SpDef>85</SpDef>
    <Speed>35</Speed>
  </BaseStats>
  <FormInfo>
    <Type1>Water</Type1>
    <Type2>Rock</Type2>
    <Ability1>Hustle</Ability1>
    <Ability2>Natural Cure</Ability2>
    <Ability3>Regenerator</Ability3>
    <Exp>133</Exp>
  </FormInfo>
  <Moves>
    <LevelUpMoves>
      <LevelUpMove>
        <Level>0</Level>
        <Name>Tackle</Name>
      </LevelUpMove>
      <LevelUpMove>
        <Level>4</Level>
        <Name>Harden</Name>
      </LevelUpMove>
      <LevelUpMove>
        <Level>8</Level>
        <Name>Bubble</Name>
      </LevelUpMove>
      <LevelUpMove>
        <Level>10</Level>
        <Name>Recover</Name>
      </LevelUpMove>
      <LevelUpMove>
        <Level>13</Level>
        <Name>Refresh</Name>
      </LevelUpMove>
      <LevelUpMove>
        <Level>17</Level>
        <Name>Bubble Beam</Name>
      </LevelUpMove>
      <LevelUpMove>
        <Level>20</Level>
        <Name>Ancient Power</Name>
      </LevelUpMove>
      <LevelUpMove>
        <Level>23</Level>
        <Name>Lucky Chant</Name>
      </LevelUpMove>
      <LevelUpMove>
        <Level>27</Level>
        <Name>Spike Cannon</Name>
      </LevelUpMove>
      <LevelUpMove>
        <Level>29</Level>
        <Name>Iron Defense</Name>
      </LevelUpMove>
      <LevelUpMove>
        <Level>31</Level>
        <Name>Rock Blast</Name>
      </LevelUpMove>
      <LevelUpMove>
        <Level>35</Level>
        <Name>Endure</Name>
      </LevelUpMove>
      <LevelUpMove>
        <Level>38</Level>
        <Name>Aqua Ring</Name>
      </LevelUpMove>
      <LevelUpMove>
        <Level>41</Level>
        <Name>Power Gem</Name>
      </LevelUpMove>
      <LevelUpMove>
        <Level>45</Level>
        <Name>Mirror Coat</Name>
      </LevelUpMove>
      <LevelUpMove>
        <Level>47</Level>
        <Name>Earth Power</Name>
      </LevelUpMove>
      <LevelUpMove>
        <Level>50</Level>
        <Name>Flail</Name>
      </LevelUpMove>
    </LevelUpMoves>
    <TMMoves>
      <TMMove>
        <Name>Calm Mind</Name>
      </TMMove>
      <TMMove>
        <Name>Toxic</Name>
      </TMMove>
      <TMMove>
        <Name>Hail</Name>
      </TMMove>
      <TMMove>
        <Name>Hidden Power</Name>
      </TMMove>
      <TMMove>
        <Name>Sunny Day</Name>
      </TMMove>
      <TMMove>
        <Name>Ice Beam</Name>
      </TMMove>
      <TMMove>
        <Name>Blizzard</Name>
      </TMMove>
      <TMMove>
        <Name>Light Screen</Name>
      </TMMove>
      <TMMove>
        <Name>Protect</Name>
      </TMMove>
      <TMMove>
        <Name>Rain Dance</Name>
      </TMMove>
      <TMMove>
        <Name>Frustration</Name>
      </TMMove>
      <TMMove>
        <Name>Earthquake</Name>
      </TMMove>
      <TMMove>
        <Name>Return</Name>
      </TMMove>
      <TMMove>
        <Name>Dig</Name>
      </TMMove>
      <TMMove>
        <Name>Psychic</Name>
      </TMMove>
      <TMMove>
        <Name>Shadow Ball</Name>
      </TMMove>
      <TMMove>
        <Name>Double Team</Name>
      </TMMove>
      <TMMove>
        <Name>Reflect</Name>
      </TMMove>
      <TMMove>
        <Name>Sandstorm</Name>
      </TMMove>
      <TMMove>
        <Name>Rock Tomb</Name>
      </TMMove>
      <TMMove>
        <Name>Facade</Name>
      </TMMove>
      <TMMove>
        <Name>Rest</Name>
      </TMMove>
      <TMMove>
        <Name>Attract</Name>
      </TMMove>
      <TMMove>
        <Name>Round</Name>
      </TMMove>
      <TMMove>
        <Name>Scald</Name>
      </TMMove>
      <TMMove>
        <Name>Explosion</Name>
      </TMMove>
      <TMMove>
        <Name>Rock Polish</Name>
      </TMMove>
      <TMMove>
        <Name>Stone Edge</Name>
      </TMMove>
      <TMMove>
        <Name>Bulldoze</Name>
      </TMMove>
      <TMMove>
        <Name>Rock Slide</Name>
      </TMMove>
      <TMMove>
        <Name>Swagger</Name>
      </TMMove>
      <TMMove>
        <Name>Sleep Talk</Name>
      </TMMove>
      <TMMove>
        <Name>Substitute</Name>
      </TMMove>
      <TMMove>
        <Name>Rock Smash</Name>
      </TMMove>
      <TMMove>
        <Name>Nature Power</Name>
      </TMMove>
      <TMMove>
        <Name>Confide</Name>
      </TMMove>
      <TMMove>
        <Name>Surf</Name>
      </TMMove>
      <TMMove>
        <Name>Strength</Name>
      </TMMove>
      <TMMove>
        <Name>Safeguard</Name>
      </TMMove>
      <TMMove>
        <Name>Water Pulse</Name>
      </TMMove>
      <TMMove>
        <Name>Secret Power</Name>
      </TMMove>
      <TMMove>
        <Name>Brine</Name>
      </TMMove>
      <TMMove>
        <Name>Endure</Name>
      </TMMove>
      <TMMove>
        <Name>Stealth Rock</Name>
      </TMMove>
      <TMMove>
        <Name>Captivate</Name>
      </TMMove>
      <TMMove>
        <Name>Natural Gift</Name>
      </TMMove>
      <TMMove>
        <Name>Whirlpool</Name>
      </TMMove>
    </TMMoves>
    <EggMoves>
      <EggMove>
        <Name>Barrier</Name>
      </EggMove>
      <EggMove>
        <Name>Camouflage</Name>
      </EggMove>
      <EggMove>
        <Name>Icicle Spear</Name>
      </EggMove>
      <EggMove>
        <Name>Ingrain</Name>
      </EggMove>
      <EggMove>
        <Name>Amnesia</Name>
      </EggMove>
      <EggMove>
        <Name>Aqua Ring</Name>
      </EggMove>
      <EggMove>
        <Name>Bide</Name>
      </EggMove>
      <EggMove>
        <Name>Confuse Ray</Name>
      </EggMove>
      <EggMove>
        <Name>Curse</Name>
      </EggMove>
      <EggMove>
        <Name>Head Smash</Name>
      </EggMove>
      <EggMove>
        <Name>Mist</Name>
      </EggMove>
      <EggMove>
        <Name>Nature Power</Name>
      </EggMove>
      <EggMove>
        <Name>Screech</Name>
      </EggMove>
      <EggMove>
        <Name>Water Pulse</Name>
      </EggMove>
      <EggMove>
        <Name>Rock Slide</Name>
      </EggMove>
    </EggMoves>
    <DWMoves />
    <EventMoves>
      <EventMove>
        <Name>Confuse Ray</Name>
      </EventMove>
      <EventMove>
        <Name>Stealth Rock</Name>
      </EventMove>
      <EventMove>
        <Name>Mud Sport</Name>
      </EventMove>
    </EventMoves>
  </Moves>
</FormEntry>