﻿<?xml version="1.0" encoding="utf-8"?>
<FormEntry>
  <General>
    <FormName>Normal</FormName>
    <Height>0.9</Height>
    <Weight>28.5</Weight>
    <Male>500</Male>
    <Female>500</Female>
    <BodyStyle />
  </General>
  <BaseStats>
    <HP>75</HP>
    <Atk>105</Atk>
    <Def>75</Def>
    <SpAtk>105</SpAtk>
    <SpDef>75</SpDef>
    <Speed>45</Speed>
  </BaseStats>
  <FormInfo>
    <Type1>Water</Type1>
    <Type2>None</Type2>
    <Ability1>Suction Cups</Ability1>
    <Ability2>Sniper</Ability2>
    <Ability3>Moody</Ability3>
    <Exp>168</Exp>
  </FormInfo>
  <Moves>
    <LevelUpMoves>
      <LevelUpMove>
        <Level>0</Level>
        <Name>Gunk Shot</Name>
      </LevelUpMove>
      <LevelUpMove>
        <Level>0</Level>
        <Name>Rock Blast</Name>
      </LevelUpMove>
      <LevelUpMove>
        <Level>0</Level>
        <Name>Water Gun</Name>
      </LevelUpMove>
      <LevelUpMove>
        <Level>0</Level>
        <Name>Constrict</Name>
      </LevelUpMove>
      <LevelUpMove>
        <Level>0</Level>
        <Name>Psybeam</Name>
      </LevelUpMove>
      <LevelUpMove>
        <Level>0</Level>
        <Name>Aurora Beam</Name>
      </LevelUpMove>
      <LevelUpMove>
        <Level>6</Level>
        <Name>Constrict</Name>
      </LevelUpMove>
      <LevelUpMove>
        <Level>10</Level>
        <Name>Psybeam</Name>
      </LevelUpMove>
      <LevelUpMove>
        <Level>14</Level>
        <Name>Aurora Beam</Name>
      </LevelUpMove>
      <LevelUpMove>
        <Level>18</Level>
        <Name>Bubble Beam</Name>
      </LevelUpMove>
      <LevelUpMove>
        <Level>22</Level>
        <Name>Focus Energy</Name>
      </LevelUpMove>
      <LevelUpMove>
        <Level>25</Level>
        <Name>Octazooka</Name>
      </LevelUpMove>
      <LevelUpMove>
        <Level>28</Level>
        <Name>Wring Out</Name>
      </LevelUpMove>
      <LevelUpMove>
        <Level>34</Level>
        <Name>Signal Beam</Name>
      </LevelUpMove>
      <LevelUpMove>
        <Level>40</Level>
        <Name>Ice Beam</Name>
      </LevelUpMove>
      <LevelUpMove>
        <Level>46</Level>
        <Name>Bullet Seed</Name>
      </LevelUpMove>
      <LevelUpMove>
        <Level>52</Level>
        <Name>Hydro Pump</Name>
      </LevelUpMove>
      <LevelUpMove>
        <Level>58</Level>
        <Name>Hyper Beam</Name>
      </LevelUpMove>
      <LevelUpMove>
        <Level>64</Level>
        <Name>Soak</Name>
      </LevelUpMove>
    </LevelUpMoves>
    <TMMoves>
      <TMMove>
        <Name>Toxic</Name>
      </TMMove>
      <TMMove>
        <Name>Hidden Power</Name>
      </TMMove>
      <TMMove>
        <Name>Sunny Day</Name>
      </TMMove>
      <TMMove>
        <Name>Ice Beam</Name>
      </TMMove>
      <TMMove>
        <Name>Blizzard</Name>
      </TMMove>
      <TMMove>
        <Name>Hyper Beam</Name>
      </TMMove>
      <TMMove>
        <Name>Protect</Name>
      </TMMove>
      <TMMove>
        <Name>Rain Dance</Name>
      </TMMove>
      <TMMove>
        <Name>Frustration</Name>
      </TMMove>
      <TMMove>
        <Name>Smack Down</Name>
      </TMMove>
      <TMMove>
        <Name>Return</Name>
      </TMMove>
      <TMMove>
        <Name>Psychic</Name>
      </TMMove>
      <TMMove>
        <Name>Double Team</Name>
      </TMMove>
      <TMMove>
        <Name>Sludge Wave</Name>
      </TMMove>
      <TMMove>
        <Name>Flamethrower</Name>
      </TMMove>
      <TMMove>
        <Name>Sludge Bomb</Name>
      </TMMove>
      <TMMove>
        <Name>Fire Blast</Name>
      </TMMove>
      <TMMove>
        <Name>Facade</Name>
      </TMMove>
      <TMMove>
        <Name>Rest</Name>
      </TMMove>
      <TMMove>
        <Name>Attract</Name>
      </TMMove>
      <TMMove>
        <Name>Thief</Name>
      </TMMove>
      <TMMove>
        <Name>Round</Name>
      </TMMove>
      <TMMove>
        <Name>Energy Ball</Name>
      </TMMove>
      <TMMove>
        <Name>Scald</Name>
      </TMMove>
      <TMMove>
        <Name>Charge Beam</Name>
      </TMMove>
      <TMMove>
        <Name>Incinerate</Name>
      </TMMove>
      <TMMove>
        <Name>Payback</Name>
      </TMMove>
      <TMMove>
        <Name>Giga Impact</Name>
      </TMMove>
      <TMMove>
        <Name>Thunder Wave</Name>
      </TMMove>
      <TMMove>
        <Name>Swagger</Name>
      </TMMove>
      <TMMove>
        <Name>Sleep Talk</Name>
      </TMMove>
      <TMMove>
        <Name>Substitute</Name>
      </TMMove>
      <TMMove>
        <Name>Flash Cannon</Name>
      </TMMove>
      <TMMove>
        <Name>Confide</Name>
      </TMMove>
      <TMMove>
        <Name>Surf</Name>
      </TMMove>
      <TMMove>
        <Name>Waterfall</Name>
      </TMMove>
      <TMMove>
        <Name>Dive</Name>
      </TMMove>
      <TMMove>
        <Name>Water Pulse</Name>
      </TMMove>
      <TMMove>
        <Name>Bullet Seed</Name>
      </TMMove>
      <TMMove>
        <Name>Secret Power</Name>
      </TMMove>
      <TMMove>
        <Name>Brine</Name>
      </TMMove>
      <TMMove>
        <Name>Fling</Name>
      </TMMove>
      <TMMove>
        <Name>Endure</Name>
      </TMMove>
      <TMMove>
        <Name>Captivate</Name>
      </TMMove>
      <TMMove>
        <Name>Natural Gift</Name>
      </TMMove>
      <TMMove>
        <Name>Whirlpool</Name>
      </TMMove>
    </TMMoves>
    <EggMoves>
      <EggMove>
        <Name>Entrainment</Name>
      </EggMove>
      <EggMove>
        <Name>Octazooka</Name>
      </EggMove>
      <EggMove>
        <Name>Water Spout</Name>
      </EggMove>
      <EggMove>
        <Name>Acid Spray</Name>
      </EggMove>
      <EggMove>
        <Name>Aurora Beam</Name>
      </EggMove>
      <EggMove>
        <Name>Flail</Name>
      </EggMove>
      <EggMove>
        <Name>Haze</Name>
      </EggMove>
      <EggMove>
        <Name>Mud Shot</Name>
      </EggMove>
      <EggMove>
        <Name>Rock Blast</Name>
      </EggMove>
      <EggMove>
        <Name>Screech</Name>
      </EggMove>
      <EggMove>
        <Name>Snore</Name>
      </EggMove>
      <EggMove>
        <Name>Supersonic</Name>
      </EggMove>
      <EggMove>
        <Name>Swift</Name>
      </EggMove>
      <EggMove>
        <Name>Water Pulse</Name>
      </EggMove>
      <EggMove>
        <Name>Thunder Wave</Name>
      </EggMove>
    </EggMoves>
    <DWMoves />
    <EventMoves />
  </Moves>
</FormEntry>