﻿<?xml version="1.0" encoding="utf-8"?>
<FormEntry>
  <General>
    <FormName>Normal</FormName>
    <Height>1.4</Height>
    <Weight>71.2</Weight>
    <Male>500</Male>
    <Female>500</Female>
    <BodyStyle />
  </General>
  <BaseStats>
    <HP>73</HP>
    <Atk>95</Atk>
    <Def>62</Def>
    <SpAtk>85</SpAtk>
    <SpDef>65</SpDef>
    <Speed>85</Speed>
  </BaseStats>
  <FormInfo>
    <Type1>Normal</Type1>
    <Type2>None</Type2>
    <Ability1>Intimidate</Ability1>
    <Ability2>Frisk</Ability2>
    <Ability3>Sap Sipper</Ability3>
    <Exp>163</Exp>
  </FormInfo>
  <Moves>
    <LevelUpMoves>
      <LevelUpMove>
        <Level>0</Level>
        <Name>Tackle</Name>
      </LevelUpMove>
      <LevelUpMove>
        <Level>3</Level>
        <Name>Leer</Name>
      </LevelUpMove>
      <LevelUpMove>
        <Level>7</Level>
        <Name>Astonish</Name>
      </LevelUpMove>
      <LevelUpMove>
        <Level>10</Level>
        <Name>Hypnosis</Name>
      </LevelUpMove>
      <LevelUpMove>
        <Level>13</Level>
        <Name>Stomp</Name>
      </LevelUpMove>
      <LevelUpMove>
        <Level>16</Level>
        <Name>Sand Attack</Name>
      </LevelUpMove>
      <LevelUpMove>
        <Level>21</Level>
        <Name>Take Down</Name>
      </LevelUpMove>
      <LevelUpMove>
        <Level>23</Level>
        <Name>Confuse Ray</Name>
      </LevelUpMove>
      <LevelUpMove>
        <Level>27</Level>
        <Name>Calm Mind</Name>
      </LevelUpMove>
      <LevelUpMove>
        <Level>33</Level>
        <Name>Role Play</Name>
      </LevelUpMove>
      <LevelUpMove>
        <Level>38</Level>
        <Name>Zen Headbutt</Name>
      </LevelUpMove>
      <LevelUpMove>
        <Level>43</Level>
        <Name>Jump Kick</Name>
      </LevelUpMove>
      <LevelUpMove>
        <Level>49</Level>
        <Name>Imprison</Name>
      </LevelUpMove>
      <LevelUpMove>
        <Level>53</Level>
        <Name>Captivate</Name>
      </LevelUpMove>
      <LevelUpMove>
        <Level>55</Level>
        <Name>Me First</Name>
      </LevelUpMove>
    </LevelUpMoves>
    <TMMoves>
      <TMMove>
        <Name>Psyshock</Name>
      </TMMove>
      <TMMove>
        <Name>Calm Mind</Name>
      </TMMove>
      <TMMove>
        <Name>Roar</Name>
      </TMMove>
      <TMMove>
        <Name>Toxic</Name>
      </TMMove>
      <TMMove>
        <Name>Hidden Power</Name>
      </TMMove>
      <TMMove>
        <Name>Sunny Day</Name>
      </TMMove>
      <TMMove>
        <Name>Light Screen</Name>
      </TMMove>
      <TMMove>
        <Name>Protect</Name>
      </TMMove>
      <TMMove>
        <Name>Rain Dance</Name>
      </TMMove>
      <TMMove>
        <Name>Frustration</Name>
      </TMMove>
      <TMMove>
        <Name>Solar Beam</Name>
      </TMMove>
      <TMMove>
        <Name>Thunderbolt</Name>
      </TMMove>
      <TMMove>
        <Name>Thunder</Name>
      </TMMove>
      <TMMove>
        <Name>Earthquake</Name>
      </TMMove>
      <TMMove>
        <Name>Return</Name>
      </TMMove>
      <TMMove>
        <Name>Psychic</Name>
      </TMMove>
      <TMMove>
        <Name>Shadow Ball</Name>
      </TMMove>
      <TMMove>
        <Name>Double Team</Name>
      </TMMove>
      <TMMove>
        <Name>Reflect</Name>
      </TMMove>
      <TMMove>
        <Name>Facade</Name>
      </TMMove>
      <TMMove>
        <Name>Rest</Name>
      </TMMove>
      <TMMove>
        <Name>Attract</Name>
      </TMMove>
      <TMMove>
        <Name>Thief</Name>
      </TMMove>
      <TMMove>
        <Name>Round</Name>
      </TMMove>
      <TMMove>
        <Name>Energy Ball</Name>
      </TMMove>
      <TMMove>
        <Name>Charge Beam</Name>
      </TMMove>
      <TMMove>
        <Name>Retaliate</Name>
      </TMMove>
      <TMMove>
        <Name>Giga Impact</Name>
      </TMMove>
      <TMMove>
        <Name>Flash</Name>
      </TMMove>
      <TMMove>
        <Name>Thunder Wave</Name>
      </TMMove>
      <TMMove>
        <Name>Psych Up</Name>
      </TMMove>
      <TMMove>
        <Name>Bulldoze</Name>
      </TMMove>
      <TMMove>
        <Name>Work Up</Name>
      </TMMove>
      <TMMove>
        <Name>Dream Eater</Name>
      </TMMove>
      <TMMove>
        <Name>Swagger</Name>
      </TMMove>
      <TMMove>
        <Name>Substitute</Name>
      </TMMove>
      <TMMove>
        <Name>Trick Room</Name>
      </TMMove>
      <TMMove>
        <Name>Wild Charge</Name>
      </TMMove>
      <TMMove>
        <Name>Iron Tail</Name>
      </TMMove>
      <TMMove>
        <Name>Shock Wave</Name>
      </TMMove>
      <TMMove>
        <Name>Secret Power</Name>
      </TMMove>
      <TMMove>
        <Name>Skill Swap</Name>
      </TMMove>
      <TMMove>
        <Name>Snatch</Name>
      </TMMove>
      <TMMove>
        <Name>Endure</Name>
      </TMMove>
      <TMMove>
        <Name>Captivate</Name>
      </TMMove>
      <TMMove>
        <Name>Sleep Talk</Name>
      </TMMove>
      <TMMove>
        <Name>Natural Gift</Name>
      </TMMove>
    </TMMoves>
    <EggMoves>
      <EggMove>
        <Name>Bite</Name>
      </EggMove>
      <EggMove>
        <Name>Disable</Name>
      </EggMove>
      <EggMove>
        <Name>Double Kick</Name>
      </EggMove>
      <EggMove>
        <Name>Extrasensory</Name>
      </EggMove>
      <EggMove>
        <Name>Megahorn</Name>
      </EggMove>
      <EggMove>
        <Name>Me First</Name>
      </EggMove>
      <EggMove>
        <Name>Mud Sport</Name>
      </EggMove>
      <EggMove>
        <Name>Rage</Name>
      </EggMove>
      <EggMove>
        <Name>Spite</Name>
      </EggMove>
      <EggMove>
        <Name>Thrash</Name>
      </EggMove>
      <EggMove>
        <Name>Zen Headbutt</Name>
      </EggMove>
      <EggMove>
        <Name>Psych Up</Name>
      </EggMove>
      <EggMove>
        <Name>Swagger</Name>
      </EggMove>
    </EggMoves>
    <DWMoves />
    <EventMoves>
      <EventMove>
        <Name>Disable</Name>
      </EventMove>
      <EventMove>
        <Name>Skill Swap</Name>
      </EventMove>
    </EventMoves>
  </Moves>
</FormEntry>