﻿<?xml version="1.0" encoding="utf-8"?>
<FormEntry>
  <General>
    <FormName>Normal</FormName>
    <Height>3.5</Height>
    <Weight>65</Weight>
    <Male>500</Male>
    <Female>500</Female>
    <BodyStyle />
  </General>
  <BaseStats>
    <HP>60</HP>
    <Atk>85</Atk>
    <Def>69</Def>
    <SpAtk>65</SpAtk>
    <SpDef>79</SpDef>
    <Speed>80</Speed>
  </BaseStats>
  <FormInfo>
    <Type1>Poison</Type1>
    <Type2>None</Type2>
    <Ability1>Intimidate</Ability1>
    <Ability2>Shed Skin</Ability2>
    <Ability3>Unnerve</Ability3>
    <Exp>153</Exp>
  </FormInfo>
  <Moves>
    <LevelUpMoves>
      <LevelUpMove>
        <Level>0</Level>
        <Name>Ice Fang</Name>
      </LevelUpMove>
      <LevelUpMove>
        <Level>0</Level>
        <Name>Thunder Fang</Name>
      </LevelUpMove>
      <LevelUpMove>
        <Level>0</Level>
        <Name>Fire Fang</Name>
      </LevelUpMove>
      <LevelUpMove>
        <Level>0</Level>
        <Name>Wrap</Name>
      </LevelUpMove>
      <LevelUpMove>
        <Level>0</Level>
        <Name>Leer</Name>
      </LevelUpMove>
      <LevelUpMove>
        <Level>0</Level>
        <Name>Poison Sting</Name>
      </LevelUpMove>
      <LevelUpMove>
        <Level>0</Level>
        <Name>Bite</Name>
      </LevelUpMove>
      <LevelUpMove>
        <Level>22</Level>
        <Name>Crunch</Name>
      </LevelUpMove>
      <LevelUpMove>
        <Level>27</Level>
        <Name>Stockpile</Name>
      </LevelUpMove>
      <LevelUpMove>
        <Level>27</Level>
        <Name>Swallow</Name>
      </LevelUpMove>
      <LevelUpMove>
        <Level>27</Level>
        <Name>Spit Up</Name>
      </LevelUpMove>
      <LevelUpMove>
        <Level>32</Level>
        <Name>Acid Spray</Name>
      </LevelUpMove>
      <LevelUpMove>
        <Level>39</Level>
        <Name>Mud Bomb</Name>
      </LevelUpMove>
      <LevelUpMove>
        <Level>44</Level>
        <Name>Gastro Acid</Name>
      </LevelUpMove>
      <LevelUpMove>
        <Level>51</Level>
        <Name>Haze</Name>
      </LevelUpMove>
      <LevelUpMove>
        <Level>56</Level>
        <Name>Coil</Name>
      </LevelUpMove>
      <LevelUpMove>
        <Level>63</Level>
        <Name>Gunk Shot</Name>
      </LevelUpMove>
    </LevelUpMoves>
    <TMMoves>
      <TMMove>
        <Name>Toxic</Name>
      </TMMove>
      <TMMove>
        <Name>Venoshock</Name>
      </TMMove>
      <TMMove>
        <Name>Hidden Power</Name>
      </TMMove>
      <TMMove>
        <Name>Sunny Day</Name>
      </TMMove>
      <TMMove>
        <Name>Hyper Beam</Name>
      </TMMove>
      <TMMove>
        <Name>Protect</Name>
      </TMMove>
      <TMMove>
        <Name>Frustration</Name>
      </TMMove>
      <TMMove>
        <Name>Earthquake</Name>
      </TMMove>
      <TMMove>
        <Name>Return</Name>
      </TMMove>
      <TMMove>
        <Name>Dig</Name>
      </TMMove>
      <TMMove>
        <Name>Double Team</Name>
      </TMMove>
      <TMMove>
        <Name>Sludge Wave</Name>
      </TMMove>
      <TMMove>
        <Name>Sludge Bomb</Name>
      </TMMove>
      <TMMove>
        <Name>Rock Tomb</Name>
      </TMMove>
      <TMMove>
        <Name>Torment</Name>
      </TMMove>
      <TMMove>
        <Name>Facade</Name>
      </TMMove>
      <TMMove>
        <Name>Rest</Name>
      </TMMove>
      <TMMove>
        <Name>Attract</Name>
      </TMMove>
      <TMMove>
        <Name>Thief</Name>
      </TMMove>
      <TMMove>
        <Name>Round</Name>
      </TMMove>
      <TMMove>
        <Name>Payback</Name>
      </TMMove>
      <TMMove>
        <Name>Giga Impact</Name>
      </TMMove>
      <TMMove>
        <Name>Bulldoze</Name>
      </TMMove>
      <TMMove>
        <Name>Rock Slide</Name>
      </TMMove>
      <TMMove>
        <Name>Dragon Tail</Name>
      </TMMove>
      <TMMove>
        <Name>Infestation</Name>
      </TMMove>
      <TMMove>
        <Name>Poison Jab</Name>
      </TMMove>
      <TMMove>
        <Name>Swagger</Name>
      </TMMove>
      <TMMove>
        <Name>Sleep Talk</Name>
      </TMMove>
      <TMMove>
        <Name>Substitute</Name>
      </TMMove>
      <TMMove>
        <Name>Dark Pulse</Name>
      </TMMove>
      <TMMove>
        <Name>Confide</Name>
      </TMMove>
      <TMMove>
        <Name>Strength</Name>
      </TMMove>
      <TMMove>
        <Name>Rain Dance</Name>
      </TMMove>
      <TMMove>
        <Name>Giga Drain</Name>
      </TMMove>
      <TMMove>
        <Name>Iron Tail</Name>
      </TMMove>
      <TMMove>
        <Name>Secret Power</Name>
      </TMMove>
      <TMMove>
        <Name>Snatch</Name>
      </TMMove>
      <TMMove>
        <Name>Endure</Name>
      </TMMove>
      <TMMove>
        <Name>Captivate</Name>
      </TMMove>
      <TMMove>
        <Name>Natural Gift</Name>
      </TMMove>
    </TMMoves>
    <EggMoves>
      <EggMove>
        <Name>Beat Up</Name>
      </EggMove>
      <EggMove>
        <Name>Switcheroo</Name>
      </EggMove>
      <EggMove>
        <Name>Disable</Name>
      </EggMove>
      <EggMove>
        <Name>Iron Tail</Name>
      </EggMove>
      <EggMove>
        <Name>Poison Fang</Name>
      </EggMove>
      <EggMove>
        <Name>Poison Tail</Name>
      </EggMove>
      <EggMove>
        <Name>Pursuit</Name>
      </EggMove>
      <EggMove>
        <Name>Scary Face</Name>
      </EggMove>
      <EggMove>
        <Name>Slam</Name>
      </EggMove>
      <EggMove>
        <Name>Snatch</Name>
      </EggMove>
      <EggMove>
        <Name>Spite</Name>
      </EggMove>
      <EggMove>
        <Name>Sucker Punch</Name>
      </EggMove>
    </EggMoves>
    <DWMoves />
    <EventMoves />
  </Moves>
</FormEntry>