﻿<?xml version="1.0" encoding="utf-8"?>
<FormEntry>
  <General>
    <FormName>Normal</FormName>
    <Height>0.7</Height>
    <Weight>21.4</Weight>
    <Male>750</Male>
    <Female>250</Female>
    <BodyStyle />
  </General>
  <BaseStats>
    <HP>45</HP>
    <Atk>75</Atk>
    <Def>37</Def>
    <SpAtk>70</SpAtk>
    <SpDef>55</SpDef>
    <Speed>83</Speed>
  </BaseStats>
  <FormInfo>
    <Type1>Fire</Type1>
    <Type2>None</Type2>
    <Ability1>Flame Body</Ability1>
    <Ability2>None</Ability2>
    <Ability3>Vital Spirit</Ability3>
    <Exp>73</Exp>
  </FormInfo>
  <Moves>
    <LevelUpMoves>
      <LevelUpMove>
        <Level>0</Level>
        <Name>Smog</Name>
      </LevelUpMove>
      <LevelUpMove>
        <Level>0</Level>
        <Name>Leer</Name>
      </LevelUpMove>
      <LevelUpMove>
        <Level>5</Level>
        <Name>Ember</Name>
      </LevelUpMove>
      <LevelUpMove>
        <Level>8</Level>
        <Name>Smokescreen</Name>
      </LevelUpMove>
      <LevelUpMove>
        <Level>12</Level>
        <Name>Feint Attack</Name>
      </LevelUpMove>
      <LevelUpMove>
        <Level>15</Level>
        <Name>Fire Spin</Name>
      </LevelUpMove>
      <LevelUpMove>
        <Level>19</Level>
        <Name>Clear Smog</Name>
      </LevelUpMove>
      <LevelUpMove>
        <Level>22</Level>
        <Name>Flame Burst</Name>
      </LevelUpMove>
      <LevelUpMove>
        <Level>26</Level>
        <Name>Confuse Ray</Name>
      </LevelUpMove>
      <LevelUpMove>
        <Level>29</Level>
        <Name>Fire Punch</Name>
      </LevelUpMove>
      <LevelUpMove>
        <Level>33</Level>
        <Name>Lava Plume</Name>
      </LevelUpMove>
      <LevelUpMove>
        <Level>36</Level>
        <Name>Sunny Day</Name>
      </LevelUpMove>
      <LevelUpMove>
        <Level>40</Level>
        <Name>Flamethrower</Name>
      </LevelUpMove>
      <LevelUpMove>
        <Level>43</Level>
        <Name>Fire Blast</Name>
      </LevelUpMove>
    </LevelUpMoves>
    <TMMoves>
      <TMMove>
        <Name>Toxic</Name>
      </TMMove>
      <TMMove>
        <Name>Hidden Power</Name>
      </TMMove>
      <TMMove>
        <Name>Protect</Name>
      </TMMove>
      <TMMove>
        <Name>Frustration</Name>
      </TMMove>
      <TMMove>
        <Name>Return</Name>
      </TMMove>
      <TMMove>
        <Name>Psychic</Name>
      </TMMove>
      <TMMove>
        <Name>Brick Break</Name>
      </TMMove>
      <TMMove>
        <Name>Double Team</Name>
      </TMMove>
      <TMMove>
        <Name>Flamethrower</Name>
      </TMMove>
      <TMMove>
        <Name>Facade</Name>
      </TMMove>
      <TMMove>
        <Name>Flame Charge</Name>
      </TMMove>
      <TMMove>
        <Name>Rest</Name>
      </TMMove>
      <TMMove>
        <Name>Attract</Name>
      </TMMove>
      <TMMove>
        <Name>Thief</Name>
      </TMMove>
      <TMMove>
        <Name>Round</Name>
      </TMMove>
      <TMMove>
        <Name>Fling</Name>
      </TMMove>
      <TMMove>
        <Name>Will-O-Wisp</Name>
      </TMMove>
      <TMMove>
        <Name>Swagger</Name>
      </TMMove>
      <TMMove>
        <Name>Sleep Talk</Name>
      </TMMove>
      <TMMove>
        <Name>Substitute</Name>
      </TMMove>
      <TMMove>
        <Name>Rock Smash</Name>
      </TMMove>
      <TMMove>
        <Name>Power-Up Punch</Name>
      </TMMove>
      <TMMove>
        <Name>Confide</Name>
      </TMMove>
      <TMMove>
        <Name>Sunny Day</Name>
      </TMMove>
      <TMMove>
        <Name>Fire Blast</Name>
      </TMMove>
      <TMMove>
        <Name>Overheat</Name>
      </TMMove>
      <TMMove>
        <Name>Incinerate</Name>
      </TMMove>
      <TMMove>
        <Name>Focus Punch</Name>
      </TMMove>
      <TMMove>
        <Name>Iron Tail</Name>
      </TMMove>
      <TMMove>
        <Name>Secret Power</Name>
      </TMMove>
      <TMMove>
        <Name>Endure</Name>
      </TMMove>
      <TMMove>
        <Name>Captivate</Name>
      </TMMove>
      <TMMove>
        <Name>Natural Gift</Name>
      </TMMove>
    </TMMoves>
    <EggMoves>
      <EggMove>
        <Name>Belch</Name>
      </EggMove>
      <EggMove>
        <Name>Flare Blitz</Name>
      </EggMove>
      <EggMove>
        <Name>Focus Energy</Name>
      </EggMove>
      <EggMove>
        <Name>Mach Punch</Name>
      </EggMove>
      <EggMove>
        <Name>Power Swap</Name>
      </EggMove>
      <EggMove>
        <Name>Thunder Punch</Name>
      </EggMove>
      <EggMove>
        <Name>Barrier</Name>
      </EggMove>
      <EggMove>
        <Name>Belly Drum</Name>
      </EggMove>
      <EggMove>
        <Name>Cross Chop</Name>
      </EggMove>
      <EggMove>
        <Name>Dynamic Punch</Name>
      </EggMove>
      <EggMove>
        <Name>Iron Tail</Name>
      </EggMove>
      <EggMove>
        <Name>Karate Chop</Name>
      </EggMove>
      <EggMove>
        <Name>Mega Punch</Name>
      </EggMove>
      <EggMove>
        <Name>Screech</Name>
      </EggMove>
    </EggMoves>
    <DWMoves />
    <EventMoves>
      <EventMove>
        <Name>Thunder Punch</Name>
      </EventMove>
      <EventMove>
        <Name>Heat Wave</Name>
      </EventMove>
    </EventMoves>
  </Moves>
</FormEntry>