﻿<?xml version="1.0" encoding="utf-8"?>
<FormEntry>
  <General>
    <FormName>Normal</FormName>
    <Height>2.1</Height>
    <Weight>198</Weight>
    <Male>0</Male>
    <Female>0</Female>
    <BodyStyle />
  </General>
  <BaseStats>
    <HP>115</HP>
    <Atk>115</Atk>
    <Def>85</Def>
    <SpAtk>90</SpAtk>
    <SpDef>75</SpDef>
    <Speed>100</Speed>
  </BaseStats>
  <FormInfo>
    <Type1>Fire</Type1>
    <Type2>None</Type2>
    <Ability1>Pressure</Ability1>
    <Ability2>None</Ability2>
    <Ability3>Flash Fire</Ability3>
    <Exp>261</Exp>
  </FormInfo>
  <Moves>
    <LevelUpMoves>
      <LevelUpMove>
        <Level>0</Level>
        <Name>Sacred Fire</Name>
      </LevelUpMove>
      <LevelUpMove>
        <Level>0</Level>
        <Name>Eruption</Name>
      </LevelUpMove>
      <LevelUpMove>
        <Level>0</Level>
        <Name>Extrasensory</Name>
      </LevelUpMove>
      <LevelUpMove>
        <Level>0</Level>
        <Name>Lava Plume</Name>
      </LevelUpMove>
      <LevelUpMove>
        <Level>0</Level>
        <Name>Bite</Name>
      </LevelUpMove>
      <LevelUpMove>
        <Level>0</Level>
        <Name>Leer</Name>
      </LevelUpMove>
      <LevelUpMove>
        <Level>8</Level>
        <Name>Ember</Name>
      </LevelUpMove>
      <LevelUpMove>
        <Level>15</Level>
        <Name>Roar</Name>
      </LevelUpMove>
      <LevelUpMove>
        <Level>22</Level>
        <Name>Fire Spin</Name>
      </LevelUpMove>
      <LevelUpMove>
        <Level>29</Level>
        <Name>Stomp</Name>
      </LevelUpMove>
      <LevelUpMove>
        <Level>36</Level>
        <Name>Flamethrower</Name>
      </LevelUpMove>
      <LevelUpMove>
        <Level>43</Level>
        <Name>Swagger</Name>
      </LevelUpMove>
      <LevelUpMove>
        <Level>50</Level>
        <Name>Fire Fang</Name>
      </LevelUpMove>
      <LevelUpMove>
        <Level>57</Level>
        <Name>Lava Plume</Name>
      </LevelUpMove>
      <LevelUpMove>
        <Level>64</Level>
        <Name>Extrasensory</Name>
      </LevelUpMove>
      <LevelUpMove>
        <Level>71</Level>
        <Name>Fire Blast</Name>
      </LevelUpMove>
      <LevelUpMove>
        <Level>78</Level>
        <Name>Calm Mind</Name>
      </LevelUpMove>
      <LevelUpMove>
        <Level>85</Level>
        <Name>Eruption</Name>
      </LevelUpMove>
    </LevelUpMoves>
    <TMMoves>
      <TMMove>
        <Name>Calm Mind</Name>
      </TMMove>
      <TMMove>
        <Name>Roar</Name>
      </TMMove>
      <TMMove>
        <Name>Toxic</Name>
      </TMMove>
      <TMMove>
        <Name>Hidden Power</Name>
      </TMMove>
      <TMMove>
        <Name>Sunny Day</Name>
      </TMMove>
      <TMMove>
        <Name>Hyper Beam</Name>
      </TMMove>
      <TMMove>
        <Name>Protect</Name>
      </TMMove>
      <TMMove>
        <Name>Rain Dance</Name>
      </TMMove>
      <TMMove>
        <Name>Frustration</Name>
      </TMMove>
      <TMMove>
        <Name>Solar Beam</Name>
      </TMMove>
      <TMMove>
        <Name>Return</Name>
      </TMMove>
      <TMMove>
        <Name>Dig</Name>
      </TMMove>
      <TMMove>
        <Name>Shadow Ball</Name>
      </TMMove>
      <TMMove>
        <Name>Double Team</Name>
      </TMMove>
      <TMMove>
        <Name>Reflect</Name>
      </TMMove>
      <TMMove>
        <Name>Flamethrower</Name>
      </TMMove>
      <TMMove>
        <Name>Sandstorm</Name>
      </TMMove>
      <TMMove>
        <Name>Fire Blast</Name>
      </TMMove>
      <TMMove>
        <Name>Facade</Name>
      </TMMove>
      <TMMove>
        <Name>Flame Charge</Name>
      </TMMove>
      <TMMove>
        <Name>Rest</Name>
      </TMMove>
      <TMMove>
        <Name>Round</Name>
      </TMMove>
      <TMMove>
        <Name>Overheat</Name>
      </TMMove>
      <TMMove>
        <Name>Incinerate</Name>
      </TMMove>
      <TMMove>
        <Name>Quash</Name>
      </TMMove>
      <TMMove>
        <Name>Will-O-Wisp</Name>
      </TMMove>
      <TMMove>
        <Name>Giga Impact</Name>
      </TMMove>
      <TMMove>
        <Name>Flash</Name>
      </TMMove>
      <TMMove>
        <Name>Stone Edge</Name>
      </TMMove>
      <TMMove>
        <Name>Psych Up</Name>
      </TMMove>
      <TMMove>
        <Name>Bulldoze</Name>
      </TMMove>
      <TMMove>
        <Name>Swagger</Name>
      </TMMove>
      <TMMove>
        <Name>Sleep Talk</Name>
      </TMMove>
      <TMMove>
        <Name>Substitute</Name>
      </TMMove>
      <TMMove>
        <Name>Rock Smash</Name>
      </TMMove>
      <TMMove>
        <Name>Snarl</Name>
      </TMMove>
      <TMMove>
        <Name>Confide</Name>
      </TMMove>
      <TMMove>
        <Name>Cut</Name>
      </TMMove>
      <TMMove>
        <Name>Strength</Name>
      </TMMove>
      <TMMove>
        <Name>Iron Tail</Name>
      </TMMove>
      <TMMove>
        <Name>Secret Power</Name>
      </TMMove>
      <TMMove>
        <Name>Endure</Name>
      </TMMove>
      <TMMove>
        <Name>Natural Gift</Name>
      </TMMove>
      <TMMove>
        <Name>Rock Climb</Name>
      </TMMove>
    </TMMoves>
    <EggMoves />
    <DWMoves />
    <EventMoves>
      <EventMove>
        <Name>Flare Blitz</Name>
      </EventMove>
      <EventMove>
        <Name>Howl</Name>
      </EventMove>
      <EventMove>
        <Name>Crush Claw</Name>
      </EventMove>
      <EventMove>
        <Name>Extreme Speed</Name>
      </EventMove>
    </EventMoves>
  </Moves>
</FormEntry>