﻿<?xml version="1.0" encoding="utf-8"?>
<FormEntry>
  <General>
    <FormName>Normal</FormName>
    <Height>5.2</Height>
    <Weight>216</Weight>
    <Male>0</Male>
    <Female>0</Female>
    <BodyStyle />
  </General>
  <BaseStats>
    <HP>106</HP>
    <Atk>90</Atk>
    <Def>130</Def>
    <SpAtk>90</SpAtk>
    <SpDef>154</SpDef>
    <Speed>110</Speed>
  </BaseStats>
  <FormInfo>
    <Type1>Psychic</Type1>
    <Type2>Flying</Type2>
    <Ability1>Pressure</Ability1>
    <Ability2>None</Ability2>
    <Ability3>Multiscale</Ability3>
    <Exp>306</Exp>
  </FormInfo>
  <Moves>
    <LevelUpMoves>
      <LevelUpMove>
        <Level>0</Level>
        <Name>Whirlwind</Name>
      </LevelUpMove>
      <LevelUpMove>
        <Level>0</Level>
        <Name>Weather Ball</Name>
      </LevelUpMove>
      <LevelUpMove>
        <Level>0</Level>
        <Name>Gust</Name>
      </LevelUpMove>
      <LevelUpMove>
        <Level>0</Level>
        <Name>Dragon Rush</Name>
      </LevelUpMove>
      <LevelUpMove>
        <Level>0</Level>
        <Name>Extrasensory</Name>
      </LevelUpMove>
      <LevelUpMove>
        <Level>0</Level>
        <Name>Rain Dance</Name>
      </LevelUpMove>
      <LevelUpMove>
        <Level>0</Level>
        <Name>Hydro Pump</Name>
      </LevelUpMove>
      <LevelUpMove>
        <Level>0</Level>
        <Name>Aeroblast</Name>
      </LevelUpMove>
      <LevelUpMove>
        <Level>50</Level>
        <Name>Punishment</Name>
      </LevelUpMove>
      <LevelUpMove>
        <Level>57</Level>
        <Name>Ancient Power</Name>
      </LevelUpMove>
      <LevelUpMove>
        <Level>65</Level>
        <Name>Safeguard</Name>
      </LevelUpMove>
      <LevelUpMove>
        <Level>71</Level>
        <Name>Recover</Name>
      </LevelUpMove>
      <LevelUpMove>
        <Level>79</Level>
        <Name>Future Sight</Name>
      </LevelUpMove>
      <LevelUpMove>
        <Level>85</Level>
        <Name>Natural Gift</Name>
      </LevelUpMove>
    </LevelUpMoves>
    <TMMoves>
      <TMMove>
        <Name>Psyshock</Name>
      </TMMove>
      <TMMove>
        <Name>Calm Mind</Name>
      </TMMove>
      <TMMove>
        <Name>Roar</Name>
      </TMMove>
      <TMMove>
        <Name>Toxic</Name>
      </TMMove>
      <TMMove>
        <Name>Hail</Name>
      </TMMove>
      <TMMove>
        <Name>Hidden Power</Name>
      </TMMove>
      <TMMove>
        <Name>Sunny Day</Name>
      </TMMove>
      <TMMove>
        <Name>Ice Beam</Name>
      </TMMove>
      <TMMove>
        <Name>Blizzard</Name>
      </TMMove>
      <TMMove>
        <Name>Hyper Beam</Name>
      </TMMove>
      <TMMove>
        <Name>Light Screen</Name>
      </TMMove>
      <TMMove>
        <Name>Protect</Name>
      </TMMove>
      <TMMove>
        <Name>Rain Dance</Name>
      </TMMove>
      <TMMove>
        <Name>Roost</Name>
      </TMMove>
      <TMMove>
        <Name>Safeguard</Name>
      </TMMove>
      <TMMove>
        <Name>Frustration</Name>
      </TMMove>
      <TMMove>
        <Name>Thunderbolt</Name>
      </TMMove>
      <TMMove>
        <Name>Thunder</Name>
      </TMMove>
      <TMMove>
        <Name>Earthquake</Name>
      </TMMove>
      <TMMove>
        <Name>Return</Name>
      </TMMove>
      <TMMove>
        <Name>Psychic</Name>
      </TMMove>
      <TMMove>
        <Name>Shadow Ball</Name>
      </TMMove>
      <TMMove>
        <Name>Double Team</Name>
      </TMMove>
      <TMMove>
        <Name>Reflect</Name>
      </TMMove>
      <TMMove>
        <Name>Sandstorm</Name>
      </TMMove>
      <TMMove>
        <Name>Aerial Ace</Name>
      </TMMove>
      <TMMove>
        <Name>Facade</Name>
      </TMMove>
      <TMMove>
        <Name>Rest</Name>
      </TMMove>
      <TMMove>
        <Name>Round</Name>
      </TMMove>
      <TMMove>
        <Name>Echoed Voice</Name>
      </TMMove>
      <TMMove>
        <Name>Steel Wing</Name>
      </TMMove>
      <TMMove>
        <Name>Charge Beam</Name>
      </TMMove>
      <TMMove>
        <Name>Sky Drop</Name>
      </TMMove>
      <TMMove>
        <Name>Giga Impact</Name>
      </TMMove>
      <TMMove>
        <Name>Flash</Name>
      </TMMove>
      <TMMove>
        <Name>Thunder Wave</Name>
      </TMMove>
      <TMMove>
        <Name>Psych Up</Name>
      </TMMove>
      <TMMove>
        <Name>Bulldoze</Name>
      </TMMove>
      <TMMove>
        <Name>Dragon Tail</Name>
      </TMMove>
      <TMMove>
        <Name>Dream Eater</Name>
      </TMMove>
      <TMMove>
        <Name>Swagger</Name>
      </TMMove>
      <TMMove>
        <Name>Sleep Talk</Name>
      </TMMove>
      <TMMove>
        <Name>Substitute</Name>
      </TMMove>
      <TMMove>
        <Name>Rock Smash</Name>
      </TMMove>
      <TMMove>
        <Name>Confide</Name>
      </TMMove>
      <TMMove>
        <Name>Fly</Name>
      </TMMove>
      <TMMove>
        <Name>Surf</Name>
      </TMMove>
      <TMMove>
        <Name>Strength</Name>
      </TMMove>
      <TMMove>
        <Name>Waterfall</Name>
      </TMMove>
      <TMMove>
        <Name>Telekinesis</Name>
      </TMMove>
      <TMMove>
        <Name>Dive</Name>
      </TMMove>
      <TMMove>
        <Name>Water Pulse</Name>
      </TMMove>
      <TMMove>
        <Name>Giga Drain</Name>
      </TMMove>
      <TMMove>
        <Name>Iron Tail</Name>
      </TMMove>
      <TMMove>
        <Name>Shock Wave</Name>
      </TMMove>
      <TMMove>
        <Name>Secret Power</Name>
      </TMMove>
      <TMMove>
        <Name>Skill Swap</Name>
      </TMMove>
      <TMMove>
        <Name>Brine</Name>
      </TMMove>
      <TMMove>
        <Name>Endure</Name>
      </TMMove>
      <TMMove>
        <Name>Dragon Pulse</Name>
      </TMMove>
      <TMMove>
        <Name>Avalanche</Name>
      </TMMove>
      <TMMove>
        <Name>Natural Gift</Name>
      </TMMove>
      <TMMove>
        <Name>Whirlpool</Name>
      </TMMove>
      <TMMove>
        <Name>Defog</Name>
      </TMMove>
      <TMMove>
        <Name>Taunt</Name>
      </TMMove>
    </TMMoves>
    <EggMoves />
    <DWMoves />
    <EventMoves />
  </Moves>
</FormEntry>