﻿<?xml version="1.0" encoding="utf-8"?>
<FormEntry>
  <General>
    <FormName>Normal</FormName>
    <Height>0.5</Height>
    <Weight>5</Weight>
    <Male>875</Male>
    <Female>125</Female>
    <BodyStyle />
  </General>
  <BaseStats>
    <HP>40</HP>
    <Atk>45</Atk>
    <Def>35</Def>
    <SpAtk>65</SpAtk>
    <SpDef>55</SpDef>
    <Speed>70</Speed>
  </BaseStats>
  <FormInfo>
    <Type1>Grass</Type1>
    <Type2>None</Type2>
    <Ability1>Overgrow</Ability1>
    <Ability2>None</Ability2>
    <Ability3>Unburden</Ability3>
    <Exp>62</Exp>
  </FormInfo>
  <Moves>
    <LevelUpMoves>
      <LevelUpMove>
        <Level>0</Level>
        <Name>Pound</Name>
      </LevelUpMove>
      <LevelUpMove>
        <Level>0</Level>
        <Name>Leer</Name>
      </LevelUpMove>
      <LevelUpMove>
        <Level>6</Level>
        <Name>Absorb</Name>
      </LevelUpMove>
      <LevelUpMove>
        <Level>11</Level>
        <Name>Quick Attack</Name>
      </LevelUpMove>
      <LevelUpMove>
        <Level>16</Level>
        <Name>Pursuit</Name>
      </LevelUpMove>
      <LevelUpMove>
        <Level>21</Level>
        <Name>Screech</Name>
      </LevelUpMove>
      <LevelUpMove>
        <Level>26</Level>
        <Name>Mega Drain</Name>
      </LevelUpMove>
      <LevelUpMove>
        <Level>31</Level>
        <Name>Agility</Name>
      </LevelUpMove>
      <LevelUpMove>
        <Level>36</Level>
        <Name>Slam</Name>
      </LevelUpMove>
      <LevelUpMove>
        <Level>41</Level>
        <Name>Detect</Name>
      </LevelUpMove>
      <LevelUpMove>
        <Level>46</Level>
        <Name>Giga Drain</Name>
      </LevelUpMove>
      <LevelUpMove>
        <Level>51</Level>
        <Name>Energy Ball</Name>
      </LevelUpMove>
    </LevelUpMoves>
    <TMMoves>
      <TMMove>
        <Name>Toxic</Name>
      </TMMove>
      <TMMove>
        <Name>Hidden Power</Name>
      </TMMove>
      <TMMove>
        <Name>Sunny Day</Name>
      </TMMove>
      <TMMove>
        <Name>Protect</Name>
      </TMMove>
      <TMMove>
        <Name>Safeguard</Name>
      </TMMove>
      <TMMove>
        <Name>Frustration</Name>
      </TMMove>
      <TMMove>
        <Name>Solar Beam</Name>
      </TMMove>
      <TMMove>
        <Name>Return</Name>
      </TMMove>
      <TMMove>
        <Name>Dig</Name>
      </TMMove>
      <TMMove>
        <Name>Brick Break</Name>
      </TMMove>
      <TMMove>
        <Name>Double Team</Name>
      </TMMove>
      <TMMove>
        <Name>Rock Tomb</Name>
      </TMMove>
      <TMMove>
        <Name>Aerial Ace</Name>
      </TMMove>
      <TMMove>
        <Name>Facade</Name>
      </TMMove>
      <TMMove>
        <Name>Rest</Name>
      </TMMove>
      <TMMove>
        <Name>Attract</Name>
      </TMMove>
      <TMMove>
        <Name>Round</Name>
      </TMMove>
      <TMMove>
        <Name>Energy Ball</Name>
      </TMMove>
      <TMMove>
        <Name>Fling</Name>
      </TMMove>
      <TMMove>
        <Name>Acrobatics</Name>
      </TMMove>
      <TMMove>
        <Name>Flash</Name>
      </TMMove>
      <TMMove>
        <Name>Swords Dance</Name>
      </TMMove>
      <TMMove>
        <Name>Rock Slide</Name>
      </TMMove>
      <TMMove>
        <Name>Grass Knot</Name>
      </TMMove>
      <TMMove>
        <Name>Swagger</Name>
      </TMMove>
      <TMMove>
        <Name>Substitute</Name>
      </TMMove>
      <TMMove>
        <Name>Rock Smash</Name>
      </TMMove>
      <TMMove>
        <Name>Cut</Name>
      </TMMove>
      <TMMove>
        <Name>Strength</Name>
      </TMMove>
      <TMMove>
        <Name>Focus Punch</Name>
      </TMMove>
      <TMMove>
        <Name>Bullet Seed</Name>
      </TMMove>
      <TMMove>
        <Name>Giga Drain</Name>
      </TMMove>
      <TMMove>
        <Name>Iron Tail</Name>
      </TMMove>
      <TMMove>
        <Name>Secret Power</Name>
      </TMMove>
      <TMMove>
        <Name>Endure</Name>
      </TMMove>
      <TMMove>
        <Name>Drain Punch</Name>
      </TMMove>
      <TMMove>
        <Name>Captivate</Name>
      </TMMove>
      <TMMove>
        <Name>Sleep Talk</Name>
      </TMMove>
      <TMMove>
        <Name>Natural Gift</Name>
      </TMMove>
    </TMMoves>
    <EggMoves>
      <EggMove>
        <Name>Grassy Terrain</Name>
      </EggMove>
      <EggMove>
        <Name>Bullet Seed</Name>
      </EggMove>
      <EggMove>
        <Name>Crunch</Name>
      </EggMove>
      <EggMove>
        <Name>Crush Claw</Name>
      </EggMove>
      <EggMove>
        <Name>Double Kick</Name>
      </EggMove>
      <EggMove>
        <Name>Dragon Breath</Name>
      </EggMove>
      <EggMove>
        <Name>Endeavor</Name>
      </EggMove>
      <EggMove>
        <Name>Grass Whistle</Name>
      </EggMove>
      <EggMove>
        <Name>Leaf Storm</Name>
      </EggMove>
      <EggMove>
        <Name>Leech Seed</Name>
      </EggMove>
      <EggMove>
        <Name>Magical Leaf</Name>
      </EggMove>
      <EggMove>
        <Name>Mud Sport</Name>
      </EggMove>
      <EggMove>
        <Name>Natural Gift</Name>
      </EggMove>
      <EggMove>
        <Name>Razor Wind</Name>
      </EggMove>
      <EggMove>
        <Name>Synthesis</Name>
      </EggMove>
      <EggMove>
        <Name>Worry Seed</Name>
      </EggMove>
      <EggMove>
        <Name>Giga Drain</Name>
      </EggMove>
    </EggMoves>
    <DWMoves />
    <EventMoves />
  </Moves>
</FormEntry>