﻿<?xml version="1.0" encoding="utf-8"?>
<FormEntry>
  <General>
    <FormName>Normal</FormName>
    <Height>0.9</Height>
    <Weight>19.5</Weight>
    <Male>875</Male>
    <Female>125</Female>
    <BodyStyle />
  </General>
  <BaseStats>
    <HP>60</HP>
    <Atk>85</Atk>
    <Def>60</Def>
    <SpAtk>85</SpAtk>
    <SpDef>60</SpDef>
    <Speed>55</Speed>
  </BaseStats>
  <FormInfo>
    <Type1>Fire</Type1>
    <Type2>Fighting</Type2>
    <Ability1>Blaze</Ability1>
    <Ability2>None</Ability2>
    <Ability3>Speed Boost</Ability3>
    <Exp>142</Exp>
  </FormInfo>
  <Moves>
    <LevelUpMoves>
      <LevelUpMove>
        <Level>0</Level>
        <Name>Scratch</Name>
      </LevelUpMove>
      <LevelUpMove>
        <Level>0</Level>
        <Name>Growl</Name>
      </LevelUpMove>
      <LevelUpMove>
        <Level>0</Level>
        <Name>Focus Energy</Name>
      </LevelUpMove>
      <LevelUpMove>
        <Level>0</Level>
        <Name>Ember</Name>
      </LevelUpMove>
      <LevelUpMove>
        <Level>7</Level>
        <Name>Focus Energy</Name>
      </LevelUpMove>
      <LevelUpMove>
        <Level>13</Level>
        <Name>Ember</Name>
      </LevelUpMove>
      <LevelUpMove>
        <Level>16</Level>
        <Name>Double Kick</Name>
      </LevelUpMove>
      <LevelUpMove>
        <Level>17</Level>
        <Name>Peck</Name>
      </LevelUpMove>
      <LevelUpMove>
        <Level>21</Level>
        <Name>Sand Attack</Name>
      </LevelUpMove>
      <LevelUpMove>
        <Level>28</Level>
        <Name>Bulk Up</Name>
      </LevelUpMove>
      <LevelUpMove>
        <Level>32</Level>
        <Name>Quick Attack</Name>
      </LevelUpMove>
      <LevelUpMove>
        <Level>39</Level>
        <Name>Slash</Name>
      </LevelUpMove>
      <LevelUpMove>
        <Level>43</Level>
        <Name>Mirror Move</Name>
      </LevelUpMove>
      <LevelUpMove>
        <Level>50</Level>
        <Name>Sky Uppercut</Name>
      </LevelUpMove>
      <LevelUpMove>
        <Level>54</Level>
        <Name>Flare Blitz</Name>
      </LevelUpMove>
    </LevelUpMoves>
    <TMMoves>
      <TMMove>
        <Name>Hone Claws</Name>
      </TMMove>
      <TMMove>
        <Name>Toxic</Name>
      </TMMove>
      <TMMove>
        <Name>Bulk Up</Name>
      </TMMove>
      <TMMove>
        <Name>Hidden Power</Name>
      </TMMove>
      <TMMove>
        <Name>Sunny Day</Name>
      </TMMove>
      <TMMove>
        <Name>Protect</Name>
      </TMMove>
      <TMMove>
        <Name>Frustration</Name>
      </TMMove>
      <TMMove>
        <Name>Return</Name>
      </TMMove>
      <TMMove>
        <Name>Dig</Name>
      </TMMove>
      <TMMove>
        <Name>Brick Break</Name>
      </TMMove>
      <TMMove>
        <Name>Double Team</Name>
      </TMMove>
      <TMMove>
        <Name>Flamethrower</Name>
      </TMMove>
      <TMMove>
        <Name>Fire Blast</Name>
      </TMMove>
      <TMMove>
        <Name>Rock Tomb</Name>
      </TMMove>
      <TMMove>
        <Name>Aerial Ace</Name>
      </TMMove>
      <TMMove>
        <Name>Facade</Name>
      </TMMove>
      <TMMove>
        <Name>Flame Charge</Name>
      </TMMove>
      <TMMove>
        <Name>Rest</Name>
      </TMMove>
      <TMMove>
        <Name>Attract</Name>
      </TMMove>
      <TMMove>
        <Name>Low Sweep</Name>
      </TMMove>
      <TMMove>
        <Name>Round</Name>
      </TMMove>
      <TMMove>
        <Name>Echoed Voice</Name>
      </TMMove>
      <TMMove>
        <Name>Overheat</Name>
      </TMMove>
      <TMMove>
        <Name>Focus Blast</Name>
      </TMMove>
      <TMMove>
        <Name>Fling</Name>
      </TMMove>
      <TMMove>
        <Name>Incinerate</Name>
      </TMMove>
      <TMMove>
        <Name>Will-O-Wisp</Name>
      </TMMove>
      <TMMove>
        <Name>Shadow Claw</Name>
      </TMMove>
      <TMMove>
        <Name>Swords Dance</Name>
      </TMMove>
      <TMMove>
        <Name>Rock Slide</Name>
      </TMMove>
      <TMMove>
        <Name>Poison Jab</Name>
      </TMMove>
      <TMMove>
        <Name>Swagger</Name>
      </TMMove>
      <TMMove>
        <Name>Sleep Talk</Name>
      </TMMove>
      <TMMove>
        <Name>Substitute</Name>
      </TMMove>
      <TMMove>
        <Name>Rock Smash</Name>
      </TMMove>
      <TMMove>
        <Name>Confide</Name>
      </TMMove>
      <TMMove>
        <Name>Cut</Name>
      </TMMove>
      <TMMove>
        <Name>Strength</Name>
      </TMMove>
      <TMMove>
        <Name>Work Up</Name>
      </TMMove>
      <TMMove>
        <Name>Focus Punch</Name>
      </TMMove>
      <TMMove>
        <Name>Secret Power</Name>
      </TMMove>
      <TMMove>
        <Name>Endure</Name>
      </TMMove>
      <TMMove>
        <Name>Captivate</Name>
      </TMMove>
      <TMMove>
        <Name>Natural Gift</Name>
      </TMMove>
    </TMMoves>
    <EggMoves>
      <EggMove>
        <Name>Agility</Name>
      </EggMove>
      <EggMove>
        <Name>Baton Pass</Name>
      </EggMove>
      <EggMove>
        <Name>Counter</Name>
      </EggMove>
      <EggMove>
        <Name>Crush Claw</Name>
      </EggMove>
      <EggMove>
        <Name>Curse</Name>
      </EggMove>
      <EggMove>
        <Name>Endure</Name>
      </EggMove>
      <EggMove>
        <Name>Feather Dance</Name>
      </EggMove>
      <EggMove>
        <Name>Feint</Name>
      </EggMove>
      <EggMove>
        <Name>Flame Burst</Name>
      </EggMove>
      <EggMove>
        <Name>Last Resort</Name>
      </EggMove>
      <EggMove>
        <Name>Low Kick</Name>
      </EggMove>
      <EggMove>
        <Name>Night Slash</Name>
      </EggMove>
      <EggMove>
        <Name>Reversal</Name>
      </EggMove>
      <EggMove>
        <Name>Smelling Salts</Name>
      </EggMove>
      <EggMove>
        <Name>Rock Slide</Name>
      </EggMove>
      <EggMove>
        <Name>Swagger</Name>
      </EggMove>
    </EggMoves>
    <DWMoves />
    <EventMoves />
  </Moves>
</FormEntry>