﻿<?xml version="1.0" encoding="utf-8"?>
<FormEntry>
  <General>
    <FormName>Normal</FormName>
    <Height>0.5</Height>
    <Weight>13.6</Weight>
    <Male>500</Male>
    <Female>500</Female>
    <BodyStyle />
  </General>
  <BaseStats>
    <HP>35</HP>
    <Atk>55</Atk>
    <Def>35</Def>
    <SpAtk>30</SpAtk>
    <SpDef>30</SpDef>
    <Speed>35</Speed>
  </BaseStats>
  <FormInfo>
    <Type1>Dark</Type1>
    <Type2>None</Type2>
    <Ability1>Run Away</Ability1>
    <Ability2>Quick Feet</Ability2>
    <Ability3>Rattled</Ability3>
    <Exp>44</Exp>
  </FormInfo>
  <Moves>
    <LevelUpMoves>
      <LevelUpMove>
        <Level>0</Level>
        <Name>Tackle</Name>
      </LevelUpMove>
      <LevelUpMove>
        <Level>5</Level>
        <Name>Howl</Name>
      </LevelUpMove>
      <LevelUpMove>
        <Level>9</Level>
        <Name>Sand Attack</Name>
      </LevelUpMove>
      <LevelUpMove>
        <Level>13</Level>
        <Name>Bite</Name>
      </LevelUpMove>
      <LevelUpMove>
        <Level>17</Level>
        <Name>Odor Sleuth</Name>
      </LevelUpMove>
      <LevelUpMove>
        <Level>21</Level>
        <Name>Roar</Name>
      </LevelUpMove>
      <LevelUpMove>
        <Level>25</Level>
        <Name>Swagger</Name>
      </LevelUpMove>
      <LevelUpMove>
        <Level>29</Level>
        <Name>Assurance</Name>
      </LevelUpMove>
      <LevelUpMove>
        <Level>33</Level>
        <Name>Scary Face</Name>
      </LevelUpMove>
      <LevelUpMove>
        <Level>37</Level>
        <Name>Taunt</Name>
      </LevelUpMove>
      <LevelUpMove>
        <Level>41</Level>
        <Name>Embargo</Name>
      </LevelUpMove>
      <LevelUpMove>
        <Level>45</Level>
        <Name>Take Down</Name>
      </LevelUpMove>
      <LevelUpMove>
        <Level>49</Level>
        <Name>Sucker Punch</Name>
      </LevelUpMove>
      <LevelUpMove>
        <Level>53</Level>
        <Name>Crunch</Name>
      </LevelUpMove>
    </LevelUpMoves>
    <TMMoves>
      <TMMove>
        <Name>Roar</Name>
      </TMMove>
      <TMMove>
        <Name>Toxic</Name>
      </TMMove>
      <TMMove>
        <Name>Hidden Power</Name>
      </TMMove>
      <TMMove>
        <Name>Sunny Day</Name>
      </TMMove>
      <TMMove>
        <Name>Taunt</Name>
      </TMMove>
      <TMMove>
        <Name>Protect</Name>
      </TMMove>
      <TMMove>
        <Name>Rain Dance</Name>
      </TMMove>
      <TMMove>
        <Name>Frustration</Name>
      </TMMove>
      <TMMove>
        <Name>Return</Name>
      </TMMove>
      <TMMove>
        <Name>Dig</Name>
      </TMMove>
      <TMMove>
        <Name>Shadow Ball</Name>
      </TMMove>
      <TMMove>
        <Name>Double Team</Name>
      </TMMove>
      <TMMove>
        <Name>Torment</Name>
      </TMMove>
      <TMMove>
        <Name>Facade</Name>
      </TMMove>
      <TMMove>
        <Name>Rest</Name>
      </TMMove>
      <TMMove>
        <Name>Attract</Name>
      </TMMove>
      <TMMove>
        <Name>Thief</Name>
      </TMMove>
      <TMMove>
        <Name>Round</Name>
      </TMMove>
      <TMMove>
        <Name>Incinerate</Name>
      </TMMove>
      <TMMove>
        <Name>Embargo</Name>
      </TMMove>
      <TMMove>
        <Name>Payback</Name>
      </TMMove>
      <TMMove>
        <Name>Retaliate</Name>
      </TMMove>
      <TMMove>
        <Name>Swagger</Name>
      </TMMove>
      <TMMove>
        <Name>Substitute</Name>
      </TMMove>
      <TMMove>
        <Name>Rock Smash</Name>
      </TMMove>
      <TMMove>
        <Name>Snarl</Name>
      </TMMove>
      <TMMove>
        <Name>Iron Tail</Name>
      </TMMove>
      <TMMove>
        <Name>Secret Power</Name>
      </TMMove>
      <TMMove>
        <Name>Snatch</Name>
      </TMMove>
      <TMMove>
        <Name>Endure</Name>
      </TMMove>
      <TMMove>
        <Name>Captivate</Name>
      </TMMove>
      <TMMove>
        <Name>Dark Pulse</Name>
      </TMMove>
      <TMMove>
        <Name>Sleep Talk</Name>
      </TMMove>
      <TMMove>
        <Name>Natural Gift</Name>
      </TMMove>
    </TMMoves>
    <EggMoves>
      <EggMove>
        <Name>Play Rough</Name>
      </EggMove>
      <EggMove>
        <Name>Astonish</Name>
      </EggMove>
      <EggMove>
        <Name>Covet</Name>
      </EggMove>
      <EggMove>
        <Name>Fire Fang</Name>
      </EggMove>
      <EggMove>
        <Name>Ice Fang</Name>
      </EggMove>
      <EggMove>
        <Name>Leer</Name>
      </EggMove>
      <EggMove>
        <Name>Me First</Name>
      </EggMove>
      <EggMove>
        <Name>Poison Fang</Name>
      </EggMove>
      <EggMove>
        <Name>Snatch</Name>
      </EggMove>
      <EggMove>
        <Name>Sucker Punch</Name>
      </EggMove>
      <EggMove>
        <Name>Thunder Fang</Name>
      </EggMove>
      <EggMove>
        <Name>Yawn</Name>
      </EggMove>
    </EggMoves>
    <DWMoves />
    <EventMoves>
      <EventMove>
        <Name>Dark Pulse</Name>
      </EventMove>
      <EventMove>
        <Name>Poison Fang</Name>
      </EventMove>
    </EventMoves>
  </Moves>
</FormEntry>