﻿<?xml version="1.0" encoding="utf-8"?>
<FormEntry>
  <General>
    <FormName>Normal</FormName>
    <Height>1</Height>
    <Weight>37</Weight>
    <Male>500</Male>
    <Female>500</Female>
    <BodyStyle />
  </General>
  <BaseStats>
    <HP>70</HP>
    <Atk>90</Atk>
    <Def>70</Def>
    <SpAtk>60</SpAtk>
    <SpDef>60</SpDef>
    <Speed>70</Speed>
  </BaseStats>
  <FormInfo>
    <Type1>Dark</Type1>
    <Type2>None</Type2>
    <Ability1>Intimidate</Ability1>
    <Ability2>Quick Feet</Ability2>
    <Ability3>Moxie</Ability3>
    <Exp>147</Exp>
  </FormInfo>
  <Moves>
    <LevelUpMoves>
      <LevelUpMove>
        <Level>0</Level>
        <Name>Crunch</Name>
      </LevelUpMove>
      <LevelUpMove>
        <Level>0</Level>
        <Name>Tackle</Name>
      </LevelUpMove>
      <LevelUpMove>
        <Level>0</Level>
        <Name>Howl</Name>
      </LevelUpMove>
      <LevelUpMove>
        <Level>0</Level>
        <Name>Sand Attack</Name>
      </LevelUpMove>
      <LevelUpMove>
        <Level>0</Level>
        <Name>Bite</Name>
      </LevelUpMove>
      <LevelUpMove>
        <Level>5</Level>
        <Name>Howl</Name>
      </LevelUpMove>
      <LevelUpMove>
        <Level>9</Level>
        <Name>Sand Attack</Name>
      </LevelUpMove>
      <LevelUpMove>
        <Level>13</Level>
        <Name>Bite</Name>
      </LevelUpMove>
      <LevelUpMove>
        <Level>17</Level>
        <Name>Odor Sleuth</Name>
      </LevelUpMove>
      <LevelUpMove>
        <Level>22</Level>
        <Name>Roar</Name>
      </LevelUpMove>
      <LevelUpMove>
        <Level>27</Level>
        <Name>Swagger</Name>
      </LevelUpMove>
      <LevelUpMove>
        <Level>32</Level>
        <Name>Assurance</Name>
      </LevelUpMove>
      <LevelUpMove>
        <Level>37</Level>
        <Name>Scary Face</Name>
      </LevelUpMove>
      <LevelUpMove>
        <Level>42</Level>
        <Name>Taunt</Name>
      </LevelUpMove>
      <LevelUpMove>
        <Level>47</Level>
        <Name>Embargo</Name>
      </LevelUpMove>
      <LevelUpMove>
        <Level>52</Level>
        <Name>Take Down</Name>
      </LevelUpMove>
      <LevelUpMove>
        <Level>57</Level>
        <Name>Thief</Name>
      </LevelUpMove>
      <LevelUpMove>
        <Level>62</Level>
        <Name>Sucker Punch</Name>
      </LevelUpMove>
      <LevelUpMove>
        <Level>65</Level>
        <Name>Crunch</Name>
      </LevelUpMove>
    </LevelUpMoves>
    <TMMoves>
      <TMMove>
        <Name>Roar</Name>
      </TMMove>
      <TMMove>
        <Name>Toxic</Name>
      </TMMove>
      <TMMove>
        <Name>Hidden Power</Name>
      </TMMove>
      <TMMove>
        <Name>Sunny Day</Name>
      </TMMove>
      <TMMove>
        <Name>Taunt</Name>
      </TMMove>
      <TMMove>
        <Name>Hyper Beam</Name>
      </TMMove>
      <TMMove>
        <Name>Protect</Name>
      </TMMove>
      <TMMove>
        <Name>Rain Dance</Name>
      </TMMove>
      <TMMove>
        <Name>Frustration</Name>
      </TMMove>
      <TMMove>
        <Name>Return</Name>
      </TMMove>
      <TMMove>
        <Name>Dig</Name>
      </TMMove>
      <TMMove>
        <Name>Shadow Ball</Name>
      </TMMove>
      <TMMove>
        <Name>Double Team</Name>
      </TMMove>
      <TMMove>
        <Name>Torment</Name>
      </TMMove>
      <TMMove>
        <Name>Facade</Name>
      </TMMove>
      <TMMove>
        <Name>Rest</Name>
      </TMMove>
      <TMMove>
        <Name>Attract</Name>
      </TMMove>
      <TMMove>
        <Name>Thief</Name>
      </TMMove>
      <TMMove>
        <Name>Round</Name>
      </TMMove>
      <TMMove>
        <Name>Incinerate</Name>
      </TMMove>
      <TMMove>
        <Name>Embargo</Name>
      </TMMove>
      <TMMove>
        <Name>Payback</Name>
      </TMMove>
      <TMMove>
        <Name>Retaliate</Name>
      </TMMove>
      <TMMove>
        <Name>Giga Impact</Name>
      </TMMove>
      <TMMove>
        <Name>Swagger</Name>
      </TMMove>
      <TMMove>
        <Name>Substitute</Name>
      </TMMove>
      <TMMove>
        <Name>Rock Smash</Name>
      </TMMove>
      <TMMove>
        <Name>Snarl</Name>
      </TMMove>
      <TMMove>
        <Name>Strength</Name>
      </TMMove>
      <TMMove>
        <Name>Iron Tail</Name>
      </TMMove>
      <TMMove>
        <Name>Secret Power</Name>
      </TMMove>
      <TMMove>
        <Name>Snatch</Name>
      </TMMove>
      <TMMove>
        <Name>Endure</Name>
      </TMMove>
      <TMMove>
        <Name>Captivate</Name>
      </TMMove>
      <TMMove>
        <Name>Dark Pulse</Name>
      </TMMove>
      <TMMove>
        <Name>Sleep Talk</Name>
      </TMMove>
      <TMMove>
        <Name>Natural Gift</Name>
      </TMMove>
    </TMMoves>
    <EggMoves>
      <EggMove>
        <Name>Play Rough</Name>
      </EggMove>
      <EggMove>
        <Name>Astonish</Name>
      </EggMove>
      <EggMove>
        <Name>Covet</Name>
      </EggMove>
      <EggMove>
        <Name>Fire Fang</Name>
      </EggMove>
      <EggMove>
        <Name>Ice Fang</Name>
      </EggMove>
      <EggMove>
        <Name>Leer</Name>
      </EggMove>
      <EggMove>
        <Name>Me First</Name>
      </EggMove>
      <EggMove>
        <Name>Poison Fang</Name>
      </EggMove>
      <EggMove>
        <Name>Snatch</Name>
      </EggMove>
      <EggMove>
        <Name>Sucker Punch</Name>
      </EggMove>
      <EggMove>
        <Name>Thunder Fang</Name>
      </EggMove>
      <EggMove>
        <Name>Yawn</Name>
      </EggMove>
    </EggMoves>
    <DWMoves />
    <EventMoves />
  </Moves>
</FormEntry>