﻿<?xml version="1.0" encoding="utf-8"?>
<FormEntry>
  <General>
    <FormName>Normal</FormName>
    <Height>0.5</Height>
    <Weight>32.5</Weight>
    <Male>500</Male>
    <Female>500</Female>
    <BodyStyle />
  </General>
  <BaseStats>
    <HP>78</HP>
    <Atk>70</Atk>
    <Def>61</Def>
    <SpAtk>50</SpAtk>
    <SpDef>61</SpDef>
    <Speed>100</Speed>
  </BaseStats>
  <FormInfo>
    <Type1>Normal</Type1>
    <Type2>None</Type2>
    <Ability1>Pickup</Ability1>
    <Ability2>Gluttony</Ability2>
    <Ability3>Quick Feet</Ability3>
    <Exp>147</Exp>
  </FormInfo>
  <Moves>
    <LevelUpMoves>
      <LevelUpMove>
        <Level>0</Level>
        <Name>Play Rough</Name>
      </LevelUpMove>
      <LevelUpMove>
        <Level>0</Level>
        <Name>Rototiller</Name>
      </LevelUpMove>
      <LevelUpMove>
        <Level>0</Level>
        <Name>Switcheroo</Name>
      </LevelUpMove>
      <LevelUpMove>
        <Level>0</Level>
        <Name>Tackle</Name>
      </LevelUpMove>
      <LevelUpMove>
        <Level>0</Level>
        <Name>Growl</Name>
      </LevelUpMove>
      <LevelUpMove>
        <Level>0</Level>
        <Name>Tail Whip</Name>
      </LevelUpMove>
      <LevelUpMove>
        <Level>0</Level>
        <Name>Headbutt</Name>
      </LevelUpMove>
      <LevelUpMove>
        <Level>5</Level>
        <Name>Tail Whip</Name>
      </LevelUpMove>
      <LevelUpMove>
        <Level>9</Level>
        <Name>Headbutt</Name>
      </LevelUpMove>
      <LevelUpMove>
        <Level>13</Level>
        <Name>Sand Attack</Name>
      </LevelUpMove>
      <LevelUpMove>
        <Level>17</Level>
        <Name>Odor Sleuth</Name>
      </LevelUpMove>
      <LevelUpMove>
        <Level>23</Level>
        <Name>Mud Sport</Name>
      </LevelUpMove>
      <LevelUpMove>
        <Level>29</Level>
        <Name>Fury Swipes</Name>
      </LevelUpMove>
      <LevelUpMove>
        <Level>35</Level>
        <Name>Covet</Name>
      </LevelUpMove>
      <LevelUpMove>
        <Level>41</Level>
        <Name>Bestow</Name>
      </LevelUpMove>
      <LevelUpMove>
        <Level>47</Level>
        <Name>Slash</Name>
      </LevelUpMove>
      <LevelUpMove>
        <Level>53</Level>
        <Name>Rest</Name>
      </LevelUpMove>
      <LevelUpMove>
        <Level>59</Level>
        <Name>Belly Drum</Name>
      </LevelUpMove>
      <LevelUpMove>
        <Level>65</Level>
        <Name>Fling</Name>
      </LevelUpMove>
    </LevelUpMoves>
    <TMMoves>
      <TMMove>
        <Name>Hone Claws</Name>
      </TMMove>
      <TMMove>
        <Name>Roar</Name>
      </TMMove>
      <TMMove>
        <Name>Toxic</Name>
      </TMMove>
      <TMMove>
        <Name>Hidden Power</Name>
      </TMMove>
      <TMMove>
        <Name>Sunny Day</Name>
      </TMMove>
      <TMMove>
        <Name>Ice Beam</Name>
      </TMMove>
      <TMMove>
        <Name>Blizzard</Name>
      </TMMove>
      <TMMove>
        <Name>Hyper Beam</Name>
      </TMMove>
      <TMMove>
        <Name>Protect</Name>
      </TMMove>
      <TMMove>
        <Name>Rain Dance</Name>
      </TMMove>
      <TMMove>
        <Name>Frustration</Name>
      </TMMove>
      <TMMove>
        <Name>Thunderbolt</Name>
      </TMMove>
      <TMMove>
        <Name>Thunder</Name>
      </TMMove>
      <TMMove>
        <Name>Return</Name>
      </TMMove>
      <TMMove>
        <Name>Dig</Name>
      </TMMove>
      <TMMove>
        <Name>Shadow Ball</Name>
      </TMMove>
      <TMMove>
        <Name>Double Team</Name>
      </TMMove>
      <TMMove>
        <Name>Facade</Name>
      </TMMove>
      <TMMove>
        <Name>Rest</Name>
      </TMMove>
      <TMMove>
        <Name>Attract</Name>
      </TMMove>
      <TMMove>
        <Name>Thief</Name>
      </TMMove>
      <TMMove>
        <Name>Round</Name>
      </TMMove>
      <TMMove>
        <Name>Echoed Voice</Name>
      </TMMove>
      <TMMove>
        <Name>Fling</Name>
      </TMMove>
      <TMMove>
        <Name>Charge Beam</Name>
      </TMMove>
      <TMMove>
        <Name>Shadow Claw</Name>
      </TMMove>
      <TMMove>
        <Name>Retaliate</Name>
      </TMMove>
      <TMMove>
        <Name>Giga Impact</Name>
      </TMMove>
      <TMMove>
        <Name>Thunder Wave</Name>
      </TMMove>
      <TMMove>
        <Name>Grass Knot</Name>
      </TMMove>
      <TMMove>
        <Name>Swagger</Name>
      </TMMove>
      <TMMove>
        <Name>Sleep Talk</Name>
      </TMMove>
      <TMMove>
        <Name>Substitute</Name>
      </TMMove>
      <TMMove>
        <Name>Rock Smash</Name>
      </TMMove>
      <TMMove>
        <Name>Confide</Name>
      </TMMove>
      <TMMove>
        <Name>Cut</Name>
      </TMMove>
      <TMMove>
        <Name>Surf</Name>
      </TMMove>
      <TMMove>
        <Name>Strength</Name>
      </TMMove>
      <TMMove>
        <Name>Work Up</Name>
      </TMMove>
      <TMMove>
        <Name>Water Pulse</Name>
      </TMMove>
      <TMMove>
        <Name>Iron Tail</Name>
      </TMMove>
      <TMMove>
        <Name>Shock Wave</Name>
      </TMMove>
      <TMMove>
        <Name>Secret Power</Name>
      </TMMove>
      <TMMove>
        <Name>Endure</Name>
      </TMMove>
      <TMMove>
        <Name>Captivate</Name>
      </TMMove>
      <TMMove>
        <Name>Natural Gift</Name>
      </TMMove>
      <TMMove>
        <Name>Whirlpool</Name>
      </TMMove>
    </TMMoves>
    <EggMoves>
      <EggMove>
        <Name>Charm</Name>
      </EggMove>
      <EggMove>
        <Name>Helping Hand</Name>
      </EggMove>
      <EggMove>
        <Name>Mud-Slap</Name>
      </EggMove>
      <EggMove>
        <Name>Pursuit</Name>
      </EggMove>
      <EggMove>
        <Name>Rock Climb</Name>
      </EggMove>
      <EggMove>
        <Name>Simple Beam</Name>
      </EggMove>
      <EggMove>
        <Name>Sleep Talk</Name>
      </EggMove>
      <EggMove>
        <Name>Tickle</Name>
      </EggMove>
      <EggMove>
        <Name>Trick</Name>
      </EggMove>
      <EggMove>
        <Name>Substitute</Name>
      </EggMove>
    </EggMoves>
    <DWMoves />
    <EventMoves />
  </Moves>
</FormEntry>