﻿<?xml version="1.0" encoding="utf-8"?>
<FormEntry>
  <General>
    <FormName>Normal</FormName>
    <Height>1</Height>
    <Weight>28.4</Weight>
    <Male>500</Male>
    <Female>500</Female>
    <BodyStyle />
  </General>
  <BaseStats>
    <HP>60</HP>
    <Atk>70</Atk>
    <Def>50</Def>
    <SpAtk>90</SpAtk>
    <SpDef>50</SpDef>
    <Speed>65</Speed>
  </BaseStats>
  <FormInfo>
    <Type1>Bug</Type1>
    <Type2>Flying</Type2>
    <Ability1>Swarm</Ability1>
    <Ability2>None</Ability2>
    <Ability3>Rivalry</Ability3>
    <Exp>173</Exp>
  </FormInfo>
  <Moves>
    <LevelUpMoves>
      <LevelUpMove>
        <Level>0</Level>
        <Name>Absorb</Name>
      </LevelUpMove>
      <LevelUpMove>
        <Level>10</Level>
        <Name>Absorb</Name>
      </LevelUpMove>
      <LevelUpMove>
        <Level>13</Level>
        <Name>Gust</Name>
      </LevelUpMove>
      <LevelUpMove>
        <Level>17</Level>
        <Name>Stun Spore</Name>
      </LevelUpMove>
      <LevelUpMove>
        <Level>20</Level>
        <Name>Morning Sun</Name>
      </LevelUpMove>
      <LevelUpMove>
        <Level>24</Level>
        <Name>Mega Drain</Name>
      </LevelUpMove>
      <LevelUpMove>
        <Level>27</Level>
        <Name>Whirlwind</Name>
      </LevelUpMove>
      <LevelUpMove>
        <Level>31</Level>
        <Name>Attract</Name>
      </LevelUpMove>
      <LevelUpMove>
        <Level>34</Level>
        <Name>Silver Wind</Name>
      </LevelUpMove>
      <LevelUpMove>
        <Level>38</Level>
        <Name>Giga Drain</Name>
      </LevelUpMove>
      <LevelUpMove>
        <Level>41</Level>
        <Name>Bug Buzz</Name>
      </LevelUpMove>
      <LevelUpMove>
        <Level>45</Level>
        <Name>Quiver Dance</Name>
      </LevelUpMove>
    </LevelUpMoves>
    <TMMoves>
      <TMMove>
        <Name>Toxic</Name>
      </TMMove>
      <TMMove>
        <Name>Venoshock</Name>
      </TMMove>
      <TMMove>
        <Name>Hidden Power</Name>
      </TMMove>
      <TMMove>
        <Name>Sunny Day</Name>
      </TMMove>
      <TMMove>
        <Name>Hyper Beam</Name>
      </TMMove>
      <TMMove>
        <Name>Protect</Name>
      </TMMove>
      <TMMove>
        <Name>Safeguard</Name>
      </TMMove>
      <TMMove>
        <Name>Frustration</Name>
      </TMMove>
      <TMMove>
        <Name>Solar Beam</Name>
      </TMMove>
      <TMMove>
        <Name>Return</Name>
      </TMMove>
      <TMMove>
        <Name>Psychic</Name>
      </TMMove>
      <TMMove>
        <Name>Shadow Ball</Name>
      </TMMove>
      <TMMove>
        <Name>Double Team</Name>
      </TMMove>
      <TMMove>
        <Name>Aerial Ace</Name>
      </TMMove>
      <TMMove>
        <Name>Facade</Name>
      </TMMove>
      <TMMove>
        <Name>Rest</Name>
      </TMMove>
      <TMMove>
        <Name>Attract</Name>
      </TMMove>
      <TMMove>
        <Name>Thief</Name>
      </TMMove>
      <TMMove>
        <Name>Round</Name>
      </TMMove>
      <TMMove>
        <Name>Energy Ball</Name>
      </TMMove>
      <TMMove>
        <Name>Acrobatics</Name>
      </TMMove>
      <TMMove>
        <Name>Giga Impact</Name>
      </TMMove>
      <TMMove>
        <Name>Flash</Name>
      </TMMove>
      <TMMove>
        <Name>Struggle Bug</Name>
      </TMMove>
      <TMMove>
        <Name>Swagger</Name>
      </TMMove>
      <TMMove>
        <Name>U-turn</Name>
      </TMMove>
      <TMMove>
        <Name>Substitute</Name>
      </TMMove>
      <TMMove>
        <Name>Giga Drain</Name>
      </TMMove>
      <TMMove>
        <Name>Secret Power</Name>
      </TMMove>
      <TMMove>
        <Name>Roost</Name>
      </TMMove>
      <TMMove>
        <Name>Endure</Name>
      </TMMove>
      <TMMove>
        <Name>Silver Wind</Name>
      </TMMove>
      <TMMove>
        <Name>Captivate</Name>
      </TMMove>
      <TMMove>
        <Name>Sleep Talk</Name>
      </TMMove>
      <TMMove>
        <Name>Natural Gift</Name>
      </TMMove>
      <TMMove>
        <Name>Defog</Name>
      </TMMove>
    </TMMoves>
    <EggMoves />
    <DWMoves />
    <EventMoves />
  </Moves>
</FormEntry>