﻿<?xml version="1.0" encoding="utf-8"?>
<FormEntry>
  <General>
    <FormName>Normal</FormName>
    <Height>0.6</Height>
    <Weight>12</Weight>
    <Male>500</Male>
    <Female>500</Female>
    <BodyStyle />
  </General>
  <BaseStats>
    <HP>50</HP>
    <Atk>75</Atk>
    <Def>85</Def>
    <SpAtk>20</SpAtk>
    <SpDef>30</SpDef>
    <Speed>40</Speed>
  </BaseStats>
  <FormInfo>
    <Type1>Ground</Type1>
    <Type2>None</Type2>
    <Ability1>Sand Veil</Ability1>
    <Ability2>None</Ability2>
    <Ability3>Sand Rush</Ability3>
    <Exp>60</Exp>
  </FormInfo>
  <Moves>
    <LevelUpMoves>
      <LevelUpMove>
        <Level>0</Level>
        <Name>Scratch</Name>
      </LevelUpMove>
      <LevelUpMove>
        <Level>0</Level>
        <Name>Defense Curl</Name>
      </LevelUpMove>
      <LevelUpMove>
        <Level>3</Level>
        <Name>Sand Attack</Name>
      </LevelUpMove>
      <LevelUpMove>
        <Level>5</Level>
        <Name>Poison Sting</Name>
      </LevelUpMove>
      <LevelUpMove>
        <Level>7</Level>
        <Name>Rollout</Name>
      </LevelUpMove>
      <LevelUpMove>
        <Level>9</Level>
        <Name>Rapid Spin</Name>
      </LevelUpMove>
      <LevelUpMove>
        <Level>11</Level>
        <Name>Swift</Name>
      </LevelUpMove>
      <LevelUpMove>
        <Level>14</Level>
        <Name>Fury Cutter</Name>
      </LevelUpMove>
      <LevelUpMove>
        <Level>17</Level>
        <Name>Magnitude</Name>
      </LevelUpMove>
      <LevelUpMove>
        <Level>20</Level>
        <Name>Fury Swipes</Name>
      </LevelUpMove>
      <LevelUpMove>
        <Level>23</Level>
        <Name>Sand Tomb</Name>
      </LevelUpMove>
      <LevelUpMove>
        <Level>26</Level>
        <Name>Slash</Name>
      </LevelUpMove>
      <LevelUpMove>
        <Level>30</Level>
        <Name>Dig</Name>
      </LevelUpMove>
      <LevelUpMove>
        <Level>34</Level>
        <Name>Gyro Ball</Name>
      </LevelUpMove>
      <LevelUpMove>
        <Level>38</Level>
        <Name>Swords Dance</Name>
      </LevelUpMove>
      <LevelUpMove>
        <Level>42</Level>
        <Name>Sandstorm</Name>
      </LevelUpMove>
      <LevelUpMove>
        <Level>46</Level>
        <Name>Earthquake</Name>
      </LevelUpMove>
    </LevelUpMoves>
    <TMMoves>
      <TMMove>
        <Name>Hone Claws</Name>
      </TMMove>
      <TMMove>
        <Name>Toxic</Name>
      </TMMove>
      <TMMove>
        <Name>Hidden Power</Name>
      </TMMove>
      <TMMove>
        <Name>Sunny Day</Name>
      </TMMove>
      <TMMove>
        <Name>Protect</Name>
      </TMMove>
      <TMMove>
        <Name>Safeguard</Name>
      </TMMove>
      <TMMove>
        <Name>Frustration</Name>
      </TMMove>
      <TMMove>
        <Name>Earthquake</Name>
      </TMMove>
      <TMMove>
        <Name>Return</Name>
      </TMMove>
      <TMMove>
        <Name>Dig</Name>
      </TMMove>
      <TMMove>
        <Name>Brick Break</Name>
      </TMMove>
      <TMMove>
        <Name>Double Team</Name>
      </TMMove>
      <TMMove>
        <Name>Sandstorm</Name>
      </TMMove>
      <TMMove>
        <Name>Rock Tomb</Name>
      </TMMove>
      <TMMove>
        <Name>Aerial Ace</Name>
      </TMMove>
      <TMMove>
        <Name>Facade</Name>
      </TMMove>
      <TMMove>
        <Name>Rest</Name>
      </TMMove>
      <TMMove>
        <Name>Attract</Name>
      </TMMove>
      <TMMove>
        <Name>Thief</Name>
      </TMMove>
      <TMMove>
        <Name>Round</Name>
      </TMMove>
      <TMMove>
        <Name>Fling</Name>
      </TMMove>
      <TMMove>
        <Name>Shadow Claw</Name>
      </TMMove>
      <TMMove>
        <Name>Gyro Ball</Name>
      </TMMove>
      <TMMove>
        <Name>Swords Dance</Name>
      </TMMove>
      <TMMove>
        <Name>Bulldoze</Name>
      </TMMove>
      <TMMove>
        <Name>Rock Slide</Name>
      </TMMove>
      <TMMove>
        <Name>X-Scissor</Name>
      </TMMove>
      <TMMove>
        <Name>Poison Jab</Name>
      </TMMove>
      <TMMove>
        <Name>Swagger</Name>
      </TMMove>
      <TMMove>
        <Name>Sleep Talk</Name>
      </TMMove>
      <TMMove>
        <Name>Substitute</Name>
      </TMMove>
      <TMMove>
        <Name>Rock Smash</Name>
      </TMMove>
      <TMMove>
        <Name>Confide</Name>
      </TMMove>
      <TMMove>
        <Name>Cut</Name>
      </TMMove>
      <TMMove>
        <Name>Strength</Name>
      </TMMove>
      <TMMove>
        <Name>Focus Punch</Name>
      </TMMove>
      <TMMove>
        <Name>Iron Tail</Name>
      </TMMove>
      <TMMove>
        <Name>Secret Power</Name>
      </TMMove>
      <TMMove>
        <Name>Endure</Name>
      </TMMove>
      <TMMove>
        <Name>Stealth Rock</Name>
      </TMMove>
      <TMMove>
        <Name>Captivate</Name>
      </TMMove>
      <TMMove>
        <Name>Natural Gift</Name>
      </TMMove>
      <TMMove>
        <Name>Rock Climb</Name>
      </TMMove>
    </TMMoves>
    <EggMoves>
      <EggMove>
        <Name>Rototiller</Name>
      </EggMove>
      <EggMove>
        <Name>Chip Away</Name>
      </EggMove>
      <EggMove>
        <Name>Counter</Name>
      </EggMove>
      <EggMove>
        <Name>Crush Claw</Name>
      </EggMove>
      <EggMove>
        <Name>Endure</Name>
      </EggMove>
      <EggMove>
        <Name>Flail</Name>
      </EggMove>
      <EggMove>
        <Name>Metal Claw</Name>
      </EggMove>
      <EggMove>
        <Name>Mud Shot</Name>
      </EggMove>
      <EggMove>
        <Name>Night Slash</Name>
      </EggMove>
      <EggMove>
        <Name>Rapid Spin</Name>
      </EggMove>
      <EggMove>
        <Name>Rock Climb</Name>
      </EggMove>
      <EggMove>
        <Name>Safeguard</Name>
      </EggMove>
      <EggMove>
        <Name>Rock Slide</Name>
      </EggMove>
      <EggMove>
        <Name>Swords Dance</Name>
      </EggMove>
    </EggMoves>
    <DWMoves />
    <EventMoves>
      <EventMove>
        <Name>Counter</Name>
      </EventMove>
      <EventMove>
        <Name>Super Fang</Name>
      </EventMove>
    </EventMoves>
  </Moves>
</FormEntry>