﻿<?xml version="1.0" encoding="utf-8"?>
<FormEntry>
  <General>
    <FormName>Normal</FormName>
    <Height>0.5</Height>
    <Weight>4</Weight>
    <Male>500</Male>
    <Female>500</Female>
    <BodyStyle />
  </General>
  <BaseStats>
    <HP>40</HP>
    <Atk>40</Atk>
    <Def>50</Def>
    <SpAtk>30</SpAtk>
    <SpDef>30</SpDef>
    <Speed>30</Speed>
  </BaseStats>
  <FormInfo>
    <Type1>Grass</Type1>
    <Type2>None</Type2>
    <Ability1>Chlorophyll</Ability1>
    <Ability2>Early Bird</Ability2>
    <Ability3>Pickpocket</Ability3>
    <Exp>44</Exp>
  </FormInfo>
  <Moves>
    <LevelUpMoves>
      <LevelUpMove>
        <Level>0</Level>
        <Name>Bide</Name>
      </LevelUpMove>
      <LevelUpMove>
        <Level>3</Level>
        <Name>Harden</Name>
      </LevelUpMove>
      <LevelUpMove>
        <Level>7</Level>
        <Name>Growth</Name>
      </LevelUpMove>
      <LevelUpMove>
        <Level>13</Level>
        <Name>Nature Power</Name>
      </LevelUpMove>
      <LevelUpMove>
        <Level>21</Level>
        <Name>Synthesis</Name>
      </LevelUpMove>
      <LevelUpMove>
        <Level>31</Level>
        <Name>Sunny Day</Name>
      </LevelUpMove>
      <LevelUpMove>
        <Level>43</Level>
        <Name>Explosion</Name>
      </LevelUpMove>
    </LevelUpMoves>
    <TMMoves>
      <TMMove>
        <Name>Toxic</Name>
      </TMMove>
      <TMMove>
        <Name>Hidden Power</Name>
      </TMMove>
      <TMMove>
        <Name>Sunny Day</Name>
      </TMMove>
      <TMMove>
        <Name>Protect</Name>
      </TMMove>
      <TMMove>
        <Name>Frustration</Name>
      </TMMove>
      <TMMove>
        <Name>Solar Beam</Name>
      </TMMove>
      <TMMove>
        <Name>Return</Name>
      </TMMove>
      <TMMove>
        <Name>Dig</Name>
      </TMMove>
      <TMMove>
        <Name>Shadow Ball</Name>
      </TMMove>
      <TMMove>
        <Name>Double Team</Name>
      </TMMove>
      <TMMove>
        <Name>Facade</Name>
      </TMMove>
      <TMMove>
        <Name>Rest</Name>
      </TMMove>
      <TMMove>
        <Name>Attract</Name>
      </TMMove>
      <TMMove>
        <Name>Round</Name>
      </TMMove>
      <TMMove>
        <Name>Energy Ball</Name>
      </TMMove>
      <TMMove>
        <Name>False Swipe</Name>
      </TMMove>
      <TMMove>
        <Name>Explosion</Name>
      </TMMove>
      <TMMove>
        <Name>Retaliate</Name>
      </TMMove>
      <TMMove>
        <Name>Flash</Name>
      </TMMove>
      <TMMove>
        <Name>Swords Dance</Name>
      </TMMove>
      <TMMove>
        <Name>Grass Knot</Name>
      </TMMove>
      <TMMove>
        <Name>Swagger</Name>
      </TMMove>
      <TMMove>
        <Name>Substitute</Name>
      </TMMove>
      <TMMove>
        <Name>Rock Smash</Name>
      </TMMove>
      <TMMove>
        <Name>Bullet Seed</Name>
      </TMMove>
      <TMMove>
        <Name>Giga Drain</Name>
      </TMMove>
      <TMMove>
        <Name>Secret Power</Name>
      </TMMove>
      <TMMove>
        <Name>Endure</Name>
      </TMMove>
      <TMMove>
        <Name>Captivate</Name>
      </TMMove>
      <TMMove>
        <Name>Sleep Talk</Name>
      </TMMove>
      <TMMove>
        <Name>Natural Gift</Name>
      </TMMove>
    </TMMoves>
    <EggMoves>
      <EggMove>
        <Name>Beat Up</Name>
      </EggMove>
      <EggMove>
        <Name>Defog</Name>
      </EggMove>
      <EggMove>
        <Name>Grassy Terrain</Name>
      </EggMove>
      <EggMove>
        <Name>Amnesia</Name>
      </EggMove>
      <EggMove>
        <Name>Bullet Seed</Name>
      </EggMove>
      <EggMove>
        <Name>Foul Play</Name>
      </EggMove>
      <EggMove>
        <Name>Leech Seed</Name>
      </EggMove>
      <EggMove>
        <Name>Nasty Plot</Name>
      </EggMove>
      <EggMove>
        <Name>Power Swap</Name>
      </EggMove>
      <EggMove>
        <Name>Quick Attack</Name>
      </EggMove>
      <EggMove>
        <Name>Razor Wind</Name>
      </EggMove>
      <EggMove>
        <Name>Take Down</Name>
      </EggMove>
      <EggMove>
        <Name>Worry Seed</Name>
      </EggMove>
      <EggMove>
        <Name>False Swipe</Name>
      </EggMove>
    </EggMoves>
    <DWMoves />
    <EventMoves>
      <EventMove>
        <Name>Bullet Seed</Name>
      </EventMove>
      <EventMove>
        <Name>Foul Play</Name>
      </EventMove>
    </EventMoves>
  </Moves>
</FormEntry>