﻿<?xml version="1.0" encoding="utf-8"?>
<FormEntry>
  <General>
    <FormName>Normal</FormName>
    <Height>0.7</Height>
    <Weight>19.8</Weight>
    <Male>500</Male>
    <Female>500</Female>
    <BodyStyle />
  </General>
  <BaseStats>
    <HP>60</HP>
    <Atk>85</Atk>
    <Def>60</Def>
    <SpAtk>50</SpAtk>
    <SpDef>50</SpDef>
    <Speed>125</Speed>
  </BaseStats>
  <FormInfo>
    <Type1>Normal</Type1>
    <Type2>Flying</Type2>
    <Ability1>Guts</Ability1>
    <Ability2>None</Ability2>
    <Ability3>Scrappy</Ability3>
    <Exp>151</Exp>
  </FormInfo>
  <Moves>
    <LevelUpMoves>
      <LevelUpMove>
        <Level>0</Level>
        <Name>Air Slash</Name>
      </LevelUpMove>
      <LevelUpMove>
        <Level>0</Level>
        <Name>Pluck</Name>
      </LevelUpMove>
      <LevelUpMove>
        <Level>0</Level>
        <Name>Peck</Name>
      </LevelUpMove>
      <LevelUpMove>
        <Level>0</Level>
        <Name>Growl</Name>
      </LevelUpMove>
      <LevelUpMove>
        <Level>0</Level>
        <Name>Focus Energy</Name>
      </LevelUpMove>
      <LevelUpMove>
        <Level>0</Level>
        <Name>Quick Attack</Name>
      </LevelUpMove>
      <LevelUpMove>
        <Level>4</Level>
        <Name>Focus Energy</Name>
      </LevelUpMove>
      <LevelUpMove>
        <Level>8</Level>
        <Name>Quick Attack</Name>
      </LevelUpMove>
      <LevelUpMove>
        <Level>13</Level>
        <Name>Wing Attack</Name>
      </LevelUpMove>
      <LevelUpMove>
        <Level>19</Level>
        <Name>Double Team</Name>
      </LevelUpMove>
      <LevelUpMove>
        <Level>28</Level>
        <Name>Endeavor</Name>
      </LevelUpMove>
      <LevelUpMove>
        <Level>38</Level>
        <Name>Aerial Ace</Name>
      </LevelUpMove>
      <LevelUpMove>
        <Level>49</Level>
        <Name>Agility</Name>
      </LevelUpMove>
      <LevelUpMove>
        <Level>61</Level>
        <Name>Air Slash</Name>
      </LevelUpMove>
    </LevelUpMoves>
    <TMMoves>
      <TMMove>
        <Name>Toxic</Name>
      </TMMove>
      <TMMove>
        <Name>Hidden Power</Name>
      </TMMove>
      <TMMove>
        <Name>Sunny Day</Name>
      </TMMove>
      <TMMove>
        <Name>Hyper Beam</Name>
      </TMMove>
      <TMMove>
        <Name>Protect</Name>
      </TMMove>
      <TMMove>
        <Name>Rain Dance</Name>
      </TMMove>
      <TMMove>
        <Name>Roost</Name>
      </TMMove>
      <TMMove>
        <Name>Frustration</Name>
      </TMMove>
      <TMMove>
        <Name>Return</Name>
      </TMMove>
      <TMMove>
        <Name>Double Team</Name>
      </TMMove>
      <TMMove>
        <Name>Aerial Ace</Name>
      </TMMove>
      <TMMove>
        <Name>Facade</Name>
      </TMMove>
      <TMMove>
        <Name>Rest</Name>
      </TMMove>
      <TMMove>
        <Name>Attract</Name>
      </TMMove>
      <TMMove>
        <Name>Thief</Name>
      </TMMove>
      <TMMove>
        <Name>Round</Name>
      </TMMove>
      <TMMove>
        <Name>Echoed Voice</Name>
      </TMMove>
      <TMMove>
        <Name>Steel Wing</Name>
      </TMMove>
      <TMMove>
        <Name>Giga Impact</Name>
      </TMMove>
      <TMMove>
        <Name>Swagger</Name>
      </TMMove>
      <TMMove>
        <Name>Sleep Talk</Name>
      </TMMove>
      <TMMove>
        <Name>U-turn</Name>
      </TMMove>
      <TMMove>
        <Name>Substitute</Name>
      </TMMove>
      <TMMove>
        <Name>Confide</Name>
      </TMMove>
      <TMMove>
        <Name>Fly</Name>
      </TMMove>
      <TMMove>
        <Name>Work Up</Name>
      </TMMove>
      <TMMove>
        <Name>Pluck</Name>
      </TMMove>
      <TMMove>
        <Name>Secret Power</Name>
      </TMMove>
      <TMMove>
        <Name>Endure</Name>
      </TMMove>
      <TMMove>
        <Name>Captivate</Name>
      </TMMove>
      <TMMove>
        <Name>Natural Gift</Name>
      </TMMove>
      <TMMove>
        <Name>Defog</Name>
      </TMMove>
    </TMMoves>
    <EggMoves>
      <EggMove>
        <Name>Boomburst</Name>
      </EggMove>
      <EggMove>
        <Name>Brave Bird</Name>
      </EggMove>
      <EggMove>
        <Name>Defog</Name>
      </EggMove>
      <EggMove>
        <Name>Mirror Move</Name>
      </EggMove>
      <EggMove>
        <Name>Pursuit</Name>
      </EggMove>
      <EggMove>
        <Name>Rage</Name>
      </EggMove>
      <EggMove>
        <Name>Refresh</Name>
      </EggMove>
      <EggMove>
        <Name>Roost</Name>
      </EggMove>
      <EggMove>
        <Name>Sky Attack</Name>
      </EggMove>
      <EggMove>
        <Name>Steel Wing</Name>
      </EggMove>
      <EggMove>
        <Name>Supersonic</Name>
      </EggMove>
      <EggMove>
        <Name>Whirlwind</Name>
      </EggMove>
    </EggMoves>
    <DWMoves />
    <EventMoves />
  </Moves>
</FormEntry>