﻿<?xml version="1.0" encoding="utf-8"?>
<FormEntry>
  <General>
    <FormName>Normal</FormName>
    <Height>1.2</Height>
    <Weight>28</Weight>
    <Male>500</Male>
    <Female>500</Female>
    <BodyStyle />
  </General>
  <BaseStats>
    <HP>60</HP>
    <Atk>50</Atk>
    <Def>100</Def>
    <SpAtk>85</SpAtk>
    <SpDef>70</SpDef>
    <Speed>65</Speed>
  </BaseStats>
  <FormInfo>
    <Type1>Water</Type1>
    <Type2>Flying</Type2>
    <Ability1>Keen Eye</Ability1>
    <Ability2>None</Ability2>
    <Ability3>Rain Dish</Ability3>
    <Exp>151</Exp>
  </FormInfo>
  <Moves>
    <LevelUpMoves>
      <LevelUpMove>
        <Level>0</Level>
        <Name>Tailwind</Name>
      </LevelUpMove>
      <LevelUpMove>
        <Level>0</Level>
        <Name>Hydro Pump</Name>
      </LevelUpMove>
      <LevelUpMove>
        <Level>0</Level>
        <Name>Soak</Name>
      </LevelUpMove>
      <LevelUpMove>
        <Level>0</Level>
        <Name>Growl</Name>
      </LevelUpMove>
      <LevelUpMove>
        <Level>0</Level>
        <Name>Water Gun</Name>
      </LevelUpMove>
      <LevelUpMove>
        <Level>0</Level>
        <Name>Water Sport</Name>
      </LevelUpMove>
      <LevelUpMove>
        <Level>0</Level>
        <Name>Wing Attack</Name>
      </LevelUpMove>
      <LevelUpMove>
        <Level>6</Level>
        <Name>Supersonic</Name>
      </LevelUpMove>
      <LevelUpMove>
        <Level>9</Level>
        <Name>Wing Attack</Name>
      </LevelUpMove>
      <LevelUpMove>
        <Level>14</Level>
        <Name>Mist</Name>
      </LevelUpMove>
      <LevelUpMove>
        <Level>17</Level>
        <Name>Water Pulse</Name>
      </LevelUpMove>
      <LevelUpMove>
        <Level>22</Level>
        <Name>Payback</Name>
      </LevelUpMove>
      <LevelUpMove>
        <Level>25</Level>
        <Name>Protect</Name>
      </LevelUpMove>
      <LevelUpMove>
        <Level>28</Level>
        <Name>Roost</Name>
      </LevelUpMove>
      <LevelUpMove>
        <Level>34</Level>
        <Name>Brine</Name>
      </LevelUpMove>
      <LevelUpMove>
        <Level>39</Level>
        <Name>Stockpile</Name>
      </LevelUpMove>
      <LevelUpMove>
        <Level>39</Level>
        <Name>Swallow</Name>
      </LevelUpMove>
      <LevelUpMove>
        <Level>39</Level>
        <Name>Spit Up</Name>
      </LevelUpMove>
      <LevelUpMove>
        <Level>46</Level>
        <Name>Fling</Name>
      </LevelUpMove>
      <LevelUpMove>
        <Level>52</Level>
        <Name>Tailwind</Name>
      </LevelUpMove>
      <LevelUpMove>
        <Level>58</Level>
        <Name>Hydro Pump</Name>
      </LevelUpMove>
      <LevelUpMove>
        <Level>63</Level>
        <Name>Hurricane</Name>
      </LevelUpMove>
    </LevelUpMoves>
    <TMMoves>
      <TMMove>
        <Name>Toxic</Name>
      </TMMove>
      <TMMove>
        <Name>Hail</Name>
      </TMMove>
      <TMMove>
        <Name>Hidden Power</Name>
      </TMMove>
      <TMMove>
        <Name>Ice Beam</Name>
      </TMMove>
      <TMMove>
        <Name>Blizzard</Name>
      </TMMove>
      <TMMove>
        <Name>Hyper Beam</Name>
      </TMMove>
      <TMMove>
        <Name>Protect</Name>
      </TMMove>
      <TMMove>
        <Name>Rain Dance</Name>
      </TMMove>
      <TMMove>
        <Name>Roost</Name>
      </TMMove>
      <TMMove>
        <Name>Frustration</Name>
      </TMMove>
      <TMMove>
        <Name>Return</Name>
      </TMMove>
      <TMMove>
        <Name>Double Team</Name>
      </TMMove>
      <TMMove>
        <Name>Aerial Ace</Name>
      </TMMove>
      <TMMove>
        <Name>Facade</Name>
      </TMMove>
      <TMMove>
        <Name>Rest</Name>
      </TMMove>
      <TMMove>
        <Name>Attract</Name>
      </TMMove>
      <TMMove>
        <Name>Thief</Name>
      </TMMove>
      <TMMove>
        <Name>Round</Name>
      </TMMove>
      <TMMove>
        <Name>Echoed Voice</Name>
      </TMMove>
      <TMMove>
        <Name>Steel Wing</Name>
      </TMMove>
      <TMMove>
        <Name>Scald</Name>
      </TMMove>
      <TMMove>
        <Name>Fling</Name>
      </TMMove>
      <TMMove>
        <Name>Sky Drop</Name>
      </TMMove>
      <TMMove>
        <Name>Payback</Name>
      </TMMove>
      <TMMove>
        <Name>Giga Impact</Name>
      </TMMove>
      <TMMove>
        <Name>Swagger</Name>
      </TMMove>
      <TMMove>
        <Name>Sleep Talk</Name>
      </TMMove>
      <TMMove>
        <Name>U-turn</Name>
      </TMMove>
      <TMMove>
        <Name>Substitute</Name>
      </TMMove>
      <TMMove>
        <Name>Confide</Name>
      </TMMove>
      <TMMove>
        <Name>Fly</Name>
      </TMMove>
      <TMMove>
        <Name>Surf</Name>
      </TMMove>
      <TMMove>
        <Name>Pluck</Name>
      </TMMove>
      <TMMove>
        <Name>Water Pulse</Name>
      </TMMove>
      <TMMove>
        <Name>Shock Wave</Name>
      </TMMove>
      <TMMove>
        <Name>Secret Power</Name>
      </TMMove>
      <TMMove>
        <Name>Brine</Name>
      </TMMove>
      <TMMove>
        <Name>Endure</Name>
      </TMMove>
      <TMMove>
        <Name>Captivate</Name>
      </TMMove>
      <TMMove>
        <Name>Natural Gift</Name>
      </TMMove>
      <TMMove>
        <Name>Defog</Name>
      </TMMove>
      <TMMove>
        <Name>Whirlpool</Name>
      </TMMove>
      <TMMove>
        <Name>Torment</Name>
      </TMMove>
    </TMMoves>
    <EggMoves>
      <EggMove>
        <Name>Gust</Name>
      </EggMove>
      <EggMove>
        <Name>Soak</Name>
      </EggMove>
      <EggMove>
        <Name>Twister</Name>
      </EggMove>
      <EggMove>
        <Name>Wide Guard</Name>
      </EggMove>
      <EggMove>
        <Name>Agility</Name>
      </EggMove>
      <EggMove>
        <Name>Aqua Ring</Name>
      </EggMove>
      <EggMove>
        <Name>Brine</Name>
      </EggMove>
      <EggMove>
        <Name>Knock Off</Name>
      </EggMove>
      <EggMove>
        <Name>Mist</Name>
      </EggMove>
      <EggMove>
        <Name>Roost</Name>
      </EggMove>
      <EggMove>
        <Name>Water Sport</Name>
      </EggMove>
    </EggMoves>
    <DWMoves />
    <EventMoves />
  </Moves>
</FormEntry>