﻿<?xml version="1.0" encoding="utf-8"?>
<FormEntry>
  <General>
    <FormName>Normal</FormName>
    <Height>0.8</Height>
    <Weight>3.6</Weight>
    <Male>500</Male>
    <Female>500</Female>
    <BodyStyle />
  </General>
  <BaseStats>
    <HP>70</HP>
    <Atk>60</Atk>
    <Def>62</Def>
    <SpAtk>80</SpAtk>
    <SpDef>82</SpDef>
    <Speed>60</Speed>
  </BaseStats>
  <FormInfo>
    <Type1>Bug</Type1>
    <Type2>Flying</Type2>
    <Ability1>Intimidate</Ability1>
    <Ability2>None</Ability2>
    <Ability3>Unnerve</Ability3>
    <Exp>145</Exp>
  </FormInfo>
  <Moves>
    <LevelUpMoves>
      <LevelUpMove>
        <Level>0</Level>
        <Name>Quiver Dance</Name>
      </LevelUpMove>
      <LevelUpMove>
        <Level>0</Level>
        <Name>Bug Buzz</Name>
      </LevelUpMove>
      <LevelUpMove>
        <Level>0</Level>
        <Name>Whirlwind</Name>
      </LevelUpMove>
      <LevelUpMove>
        <Level>0</Level>
        <Name>Ominous Wind</Name>
      </LevelUpMove>
      <LevelUpMove>
        <Level>0</Level>
        <Name>Bubble</Name>
      </LevelUpMove>
      <LevelUpMove>
        <Level>0</Level>
        <Name>Quick Attack</Name>
      </LevelUpMove>
      <LevelUpMove>
        <Level>0</Level>
        <Name>Sweet Scent</Name>
      </LevelUpMove>
      <LevelUpMove>
        <Level>0</Level>
        <Name>Water Sport</Name>
      </LevelUpMove>
      <LevelUpMove>
        <Level>7</Level>
        <Name>Quick Attack</Name>
      </LevelUpMove>
      <LevelUpMove>
        <Level>13</Level>
        <Name>Sweet Scent</Name>
      </LevelUpMove>
      <LevelUpMove>
        <Level>19</Level>
        <Name>Water Sport</Name>
      </LevelUpMove>
      <LevelUpMove>
        <Level>22</Level>
        <Name>Gust</Name>
      </LevelUpMove>
      <LevelUpMove>
        <Level>26</Level>
        <Name>Scary Face</Name>
      </LevelUpMove>
      <LevelUpMove>
        <Level>33</Level>
        <Name>Stun Spore</Name>
      </LevelUpMove>
      <LevelUpMove>
        <Level>40</Level>
        <Name>Silver Wind</Name>
      </LevelUpMove>
      <LevelUpMove>
        <Level>47</Level>
        <Name>Air Slash</Name>
      </LevelUpMove>
      <LevelUpMove>
        <Level>54</Level>
        <Name>Whirlwind</Name>
      </LevelUpMove>
      <LevelUpMove>
        <Level>61</Level>
        <Name>Bug Buzz</Name>
      </LevelUpMove>
      <LevelUpMove>
        <Level>68</Level>
        <Name>Quiver Dance</Name>
      </LevelUpMove>
    </LevelUpMoves>
    <TMMoves>
      <TMMove>
        <Name>Toxic</Name>
      </TMMove>
      <TMMove>
        <Name>Hidden Power</Name>
      </TMMove>
      <TMMove>
        <Name>Ice Beam</Name>
      </TMMove>
      <TMMove>
        <Name>Protect</Name>
      </TMMove>
      <TMMove>
        <Name>Roost</Name>
      </TMMove>
      <TMMove>
        <Name>Frustration</Name>
      </TMMove>
      <TMMove>
        <Name>Solar Beam</Name>
      </TMMove>
      <TMMove>
        <Name>Return</Name>
      </TMMove>
      <TMMove>
        <Name>Shadow Ball</Name>
      </TMMove>
      <TMMove>
        <Name>Double Team</Name>
      </TMMove>
      <TMMove>
        <Name>Facade</Name>
      </TMMove>
      <TMMove>
        <Name>Aerial Ace</Name>
      </TMMove>
      <TMMove>
        <Name>Rest</Name>
      </TMMove>
      <TMMove>
        <Name>Attract</Name>
      </TMMove>
      <TMMove>
        <Name>Thief</Name>
      </TMMove>
      <TMMove>
        <Name>Round</Name>
      </TMMove>
      <TMMove>
        <Name>Energy Ball</Name>
      </TMMove>
      <TMMove>
        <Name>Scald</Name>
      </TMMove>
      <TMMove>
        <Name>Flash</Name>
      </TMMove>
      <TMMove>
        <Name>Psych Up</Name>
      </TMMove>
      <TMMove>
        <Name>Infestation</Name>
      </TMMove>
      <TMMove>
        <Name>Swagger</Name>
      </TMMove>
      <TMMove>
        <Name>Sleep Talk</Name>
      </TMMove>
      <TMMove>
        <Name>U-turn</Name>
      </TMMove>
      <TMMove>
        <Name>Substitute</Name>
      </TMMove>
      <TMMove>
        <Name>Confide</Name>
      </TMMove>
      <TMMove>
        <Name>Sunny Day</Name>
      </TMMove>
      <TMMove>
        <Name>Blizzard</Name>
      </TMMove>
      <TMMove>
        <Name>Hyper Beam</Name>
      </TMMove>
      <TMMove>
        <Name>Rain Dance</Name>
      </TMMove>
      <TMMove>
        <Name>Giga Impact</Name>
      </TMMove>
      <TMMove>
        <Name>Struggle Bug</Name>
      </TMMove>
      <TMMove>
        <Name>Water Pulse</Name>
      </TMMove>
      <TMMove>
        <Name>Giga Drain</Name>
      </TMMove>
      <TMMove>
        <Name>Secret Power</Name>
      </TMMove>
      <TMMove>
        <Name>Endure</Name>
      </TMMove>
      <TMMove>
        <Name>Silver Wind</Name>
      </TMMove>
      <TMMove>
        <Name>Captivate</Name>
      </TMMove>
      <TMMove>
        <Name>Natural Gift</Name>
      </TMMove>
      <TMMove>
        <Name>Defog</Name>
      </TMMove>
    </TMMoves>
    <EggMoves>
      <EggMove>
        <Name>Aqua Jet</Name>
      </EggMove>
      <EggMove>
        <Name>Bug Bite</Name>
      </EggMove>
      <EggMove>
        <Name>Fell Stinger</Name>
      </EggMove>
      <EggMove>
        <Name>Hydro Pump</Name>
      </EggMove>
      <EggMove>
        <Name>Mud Shot</Name>
      </EggMove>
      <EggMove>
        <Name>Power Split</Name>
      </EggMove>
      <EggMove>
        <Name>Endure</Name>
      </EggMove>
      <EggMove>
        <Name>Foresight</Name>
      </EggMove>
      <EggMove>
        <Name>Mind Reader</Name>
      </EggMove>
      <EggMove>
        <Name>Psybeam</Name>
      </EggMove>
      <EggMove>
        <Name>Signal Beam</Name>
      </EggMove>
    </EggMoves>
    <DWMoves />
    <EventMoves />
  </Moves>
</FormEntry>