﻿<?xml version="1.0" encoding="utf-8"?>
<FormEntry>
  <General>
    <FormName>Normal</FormName>
    <Height>1.4</Height>
    <Weight>46.5</Weight>
    <Male>500</Male>
    <Female>500</Female>
    <BodyStyle />
  </General>
  <BaseStats>
    <HP>80</HP>
    <Atk>80</Atk>
    <Def>80</Def>
    <SpAtk>55</SpAtk>
    <SpDef>55</SpDef>
    <Speed>90</Speed>
  </BaseStats>
  <FormInfo>
    <Type1>Normal</Type1>
    <Type2>None</Type2>
    <Ability1>Vital Spirit</Ability1>
    <Ability2>None</Ability2>
    <Ability3>None</Ability3>
    <Exp>154</Exp>
  </FormInfo>
  <Moves>
    <LevelUpMoves>
      <LevelUpMove>
        <Level>0</Level>
        <Name>Scratch</Name>
      </LevelUpMove>
      <LevelUpMove>
        <Level>0</Level>
        <Name>Focus Energy</Name>
      </LevelUpMove>
      <LevelUpMove>
        <Level>0</Level>
        <Name>Encore</Name>
      </LevelUpMove>
      <LevelUpMove>
        <Level>0</Level>
        <Name>Uproar</Name>
      </LevelUpMove>
      <LevelUpMove>
        <Level>7</Level>
        <Name>Encore</Name>
      </LevelUpMove>
      <LevelUpMove>
        <Level>13</Level>
        <Name>Uproar</Name>
      </LevelUpMove>
      <LevelUpMove>
        <Level>19</Level>
        <Name>Fury Swipes</Name>
      </LevelUpMove>
      <LevelUpMove>
        <Level>25</Level>
        <Name>Endure</Name>
      </LevelUpMove>
      <LevelUpMove>
        <Level>31</Level>
        <Name>Slash</Name>
      </LevelUpMove>
      <LevelUpMove>
        <Level>37</Level>
        <Name>Counter</Name>
      </LevelUpMove>
      <LevelUpMove>
        <Level>43</Level>
        <Name>Chip Away</Name>
      </LevelUpMove>
      <LevelUpMove>
        <Level>49</Level>
        <Name>Focus Punch</Name>
      </LevelUpMove>
      <LevelUpMove>
        <Level>55</Level>
        <Name>Reversal</Name>
      </LevelUpMove>
    </LevelUpMoves>
    <TMMoves>
      <TMMove>
        <Name>Hone Claws</Name>
      </TMMove>
      <TMMove>
        <Name>Roar</Name>
      </TMMove>
      <TMMove>
        <Name>Toxic</Name>
      </TMMove>
      <TMMove>
        <Name>Bulk Up</Name>
      </TMMove>
      <TMMove>
        <Name>Hidden Power</Name>
      </TMMove>
      <TMMove>
        <Name>Sunny Day</Name>
      </TMMove>
      <TMMove>
        <Name>Taunt</Name>
      </TMMove>
      <TMMove>
        <Name>Ice Beam</Name>
      </TMMove>
      <TMMove>
        <Name>Blizzard</Name>
      </TMMove>
      <TMMove>
        <Name>Protect</Name>
      </TMMove>
      <TMMove>
        <Name>Rain Dance</Name>
      </TMMove>
      <TMMove>
        <Name>Frustration</Name>
      </TMMove>
      <TMMove>
        <Name>Solar Beam</Name>
      </TMMove>
      <TMMove>
        <Name>Thunderbolt</Name>
      </TMMove>
      <TMMove>
        <Name>Thunder</Name>
      </TMMove>
      <TMMove>
        <Name>Earthquake</Name>
      </TMMove>
      <TMMove>
        <Name>Return</Name>
      </TMMove>
      <TMMove>
        <Name>Shadow Ball</Name>
      </TMMove>
      <TMMove>
        <Name>Brick Break</Name>
      </TMMove>
      <TMMove>
        <Name>Double Team</Name>
      </TMMove>
      <TMMove>
        <Name>Flamethrower</Name>
      </TMMove>
      <TMMove>
        <Name>Fire Blast</Name>
      </TMMove>
      <TMMove>
        <Name>Rock Tomb</Name>
      </TMMove>
      <TMMove>
        <Name>Aerial Ace</Name>
      </TMMove>
      <TMMove>
        <Name>Facade</Name>
      </TMMove>
      <TMMove>
        <Name>Rest</Name>
      </TMMove>
      <TMMove>
        <Name>Attract</Name>
      </TMMove>
      <TMMove>
        <Name>Low Sweep</Name>
      </TMMove>
      <TMMove>
        <Name>Round</Name>
      </TMMove>
      <TMMove>
        <Name>Focus Blast</Name>
      </TMMove>
      <TMMove>
        <Name>Fling</Name>
      </TMMove>
      <TMMove>
        <Name>Incinerate</Name>
      </TMMove>
      <TMMove>
        <Name>Shadow Claw</Name>
      </TMMove>
      <TMMove>
        <Name>Retaliate</Name>
      </TMMove>
      <TMMove>
        <Name>Bulldoze</Name>
      </TMMove>
      <TMMove>
        <Name>Rock Slide</Name>
      </TMMove>
      <TMMove>
        <Name>Work Up</Name>
      </TMMove>
      <TMMove>
        <Name>Swagger</Name>
      </TMMove>
      <TMMove>
        <Name>Substitute</Name>
      </TMMove>
      <TMMove>
        <Name>Rock Smash</Name>
      </TMMove>
      <TMMove>
        <Name>Cut</Name>
      </TMMove>
      <TMMove>
        <Name>Strength</Name>
      </TMMove>
      <TMMove>
        <Name>Focus Punch</Name>
      </TMMove>
      <TMMove>
        <Name>Water Pulse</Name>
      </TMMove>
      <TMMove>
        <Name>Shock Wave</Name>
      </TMMove>
      <TMMove>
        <Name>Secret Power</Name>
      </TMMove>
      <TMMove>
        <Name>Endure</Name>
      </TMMove>
      <TMMove>
        <Name>Captivate</Name>
      </TMMove>
      <TMMove>
        <Name>Sleep Talk</Name>
      </TMMove>
      <TMMove>
        <Name>Natural Gift</Name>
      </TMMove>
      <TMMove>
        <Name>Rock Climb</Name>
      </TMMove>
    </TMMoves>
    <EggMoves>
      <EggMove>
        <Name>After You</Name>
      </EggMove>
      <EggMove>
        <Name>Body Slam</Name>
      </EggMove>
      <EggMove>
        <Name>Crush Claw</Name>
      </EggMove>
      <EggMove>
        <Name>Curse</Name>
      </EggMove>
      <EggMove>
        <Name>Hammer Arm</Name>
      </EggMove>
      <EggMove>
        <Name>Night Slash</Name>
      </EggMove>
      <EggMove>
        <Name>Pursuit</Name>
      </EggMove>
      <EggMove>
        <Name>Slash</Name>
      </EggMove>
      <EggMove>
        <Name>Sleep Talk</Name>
      </EggMove>
      <EggMove>
        <Name>Snore</Name>
      </EggMove>
      <EggMove>
        <Name>Tickle</Name>
      </EggMove>
    </EggMoves>
    <DWMoves />
    <EventMoves />
  </Moves>
</FormEntry>