﻿<?xml version="1.0" encoding="utf-8"?>
<FormEntry>
  <General>
    <FormName>Normal</FormName>
    <Height>0.5</Height>
    <Weight>5.5</Weight>
    <Male>500</Male>
    <Female>500</Female>
    <BodyStyle />
  </General>
  <BaseStats>
    <HP>31</HP>
    <Atk>45</Atk>
    <Def>90</Def>
    <SpAtk>30</SpAtk>
    <SpDef>30</SpDef>
    <Speed>40</Speed>
  </BaseStats>
  <FormInfo>
    <Type1>Bug</Type1>
    <Type2>Ground</Type2>
    <Ability1>Compound Eyes</Ability1>
    <Ability2>None</Ability2>
    <Ability3>Run Away</Ability3>
    <Exp>53</Exp>
  </FormInfo>
  <Moves>
    <LevelUpMoves>
      <LevelUpMove>
        <Level>0</Level>
        <Name>Scratch</Name>
      </LevelUpMove>
      <LevelUpMove>
        <Level>0</Level>
        <Name>Harden</Name>
      </LevelUpMove>
      <LevelUpMove>
        <Level>5</Level>
        <Name>Leech Life</Name>
      </LevelUpMove>
      <LevelUpMove>
        <Level>9</Level>
        <Name>Sand Attack</Name>
      </LevelUpMove>
      <LevelUpMove>
        <Level>14</Level>
        <Name>Fury Swipes</Name>
      </LevelUpMove>
      <LevelUpMove>
        <Level>19</Level>
        <Name>Mind Reader</Name>
      </LevelUpMove>
      <LevelUpMove>
        <Level>25</Level>
        <Name>False Swipe</Name>
      </LevelUpMove>
      <LevelUpMove>
        <Level>31</Level>
        <Name>Mud-Slap</Name>
      </LevelUpMove>
      <LevelUpMove>
        <Level>38</Level>
        <Name>Metal Claw</Name>
      </LevelUpMove>
      <LevelUpMove>
        <Level>45</Level>
        <Name>Dig</Name>
      </LevelUpMove>
    </LevelUpMoves>
    <TMMoves>
      <TMMove>
        <Name>Hone Claws</Name>
      </TMMove>
      <TMMove>
        <Name>Toxic</Name>
      </TMMove>
      <TMMove>
        <Name>Hidden Power</Name>
      </TMMove>
      <TMMove>
        <Name>Sunny Day</Name>
      </TMMove>
      <TMMove>
        <Name>Protect</Name>
      </TMMove>
      <TMMove>
        <Name>Frustration</Name>
      </TMMove>
      <TMMove>
        <Name>Solar Beam</Name>
      </TMMove>
      <TMMove>
        <Name>Return</Name>
      </TMMove>
      <TMMove>
        <Name>Dig</Name>
      </TMMove>
      <TMMove>
        <Name>Shadow Ball</Name>
      </TMMove>
      <TMMove>
        <Name>Double Team</Name>
      </TMMove>
      <TMMove>
        <Name>Sandstorm</Name>
      </TMMove>
      <TMMove>
        <Name>Aerial Ace</Name>
      </TMMove>
      <TMMove>
        <Name>Facade</Name>
      </TMMove>
      <TMMove>
        <Name>Rest</Name>
      </TMMove>
      <TMMove>
        <Name>Round</Name>
      </TMMove>
      <TMMove>
        <Name>False Swipe</Name>
      </TMMove>
      <TMMove>
        <Name>Flash</Name>
      </TMMove>
      <TMMove>
        <Name>Struggle Bug</Name>
      </TMMove>
      <TMMove>
        <Name>X-Scissor</Name>
      </TMMove>
      <TMMove>
        <Name>Swagger</Name>
      </TMMove>
      <TMMove>
        <Name>Sleep Talk</Name>
      </TMMove>
      <TMMove>
        <Name>Substitute</Name>
      </TMMove>
      <TMMove>
        <Name>Confide</Name>
      </TMMove>
      <TMMove>
        <Name>Cut</Name>
      </TMMove>
      <TMMove>
        <Name>Giga Drain</Name>
      </TMMove>
      <TMMove>
        <Name>Secret Power</Name>
      </TMMove>
      <TMMove>
        <Name>Endure</Name>
      </TMMove>
      <TMMove>
        <Name>Natural Gift</Name>
      </TMMove>
    </TMMoves>
    <EggMoves>
      <EggMove>
        <Name>Bug Bite</Name>
      </EggMove>
      <EggMove>
        <Name>Bug Buzz</Name>
      </EggMove>
      <EggMove>
        <Name>Endure</Name>
      </EggMove>
      <EggMove>
        <Name>Final Gambit</Name>
      </EggMove>
      <EggMove>
        <Name>Feint Attack</Name>
      </EggMove>
      <EggMove>
        <Name>Gust</Name>
      </EggMove>
      <EggMove>
        <Name>Night Slash</Name>
      </EggMove>
      <EggMove>
        <Name>Silver Wind</Name>
      </EggMove>
    </EggMoves>
    <DWMoves />
    <EventMoves>
      <EventMove>
        <Name>Endure</Name>
      </EventMove>
      <EventMove>
        <Name>Night Slash</Name>
      </EventMove>
    </EventMoves>
  </Moves>
</FormEntry>