﻿<?xml version="1.0" encoding="utf-8"?>
<FormEntry>
  <General>
    <FormName>Normal</FormName>
    <Height>0.8</Height>
    <Weight>1.2</Weight>
    <Male>0</Male>
    <Female>0</Female>
    <BodyStyle />
  </General>
  <BaseStats>
    <HP>1</HP>
    <Atk>90</Atk>
    <Def>45</Def>
    <SpAtk>30</SpAtk>
    <SpDef>30</SpDef>
    <Speed>40</Speed>
  </BaseStats>
  <FormInfo>
    <Type1>Bug</Type1>
    <Type2>Ghost</Type2>
    <Ability1>Wonder Guard</Ability1>
    <Ability2>None</Ability2>
    <Ability3>None</Ability3>
    <Exp>83</Exp>
  </FormInfo>
  <Moves>
    <LevelUpMoves>
      <LevelUpMove>
        <Level>0</Level>
        <Name>Scratch</Name>
      </LevelUpMove>
      <LevelUpMove>
        <Level>0</Level>
        <Name>Harden</Name>
      </LevelUpMove>
      <LevelUpMove>
        <Level>5</Level>
        <Name>Leech Life</Name>
      </LevelUpMove>
      <LevelUpMove>
        <Level>9</Level>
        <Name>Sand Attack</Name>
      </LevelUpMove>
      <LevelUpMove>
        <Level>14</Level>
        <Name>Fury Swipes</Name>
      </LevelUpMove>
      <LevelUpMove>
        <Level>19</Level>
        <Name>Mind Reader</Name>
      </LevelUpMove>
      <LevelUpMove>
        <Level>25</Level>
        <Name>Spite</Name>
      </LevelUpMove>
      <LevelUpMove>
        <Level>31</Level>
        <Name>Confuse Ray</Name>
      </LevelUpMove>
      <LevelUpMove>
        <Level>38</Level>
        <Name>Shadow Sneak</Name>
      </LevelUpMove>
      <LevelUpMove>
        <Level>43</Level>
        <Name>Grudge</Name>
      </LevelUpMove>
      <LevelUpMove>
        <Level>47</Level>
        <Name>Phantom Force</Name>
      </LevelUpMove>
      <LevelUpMove>
        <Level>50</Level>
        <Name>Heal Block</Name>
      </LevelUpMove>
      <LevelUpMove>
        <Level>59</Level>
        <Name>Shadow Ball</Name>
      </LevelUpMove>
    </LevelUpMoves>
    <TMMoves>
      <TMMove>
        <Name>Hone Claws</Name>
      </TMMove>
      <TMMove>
        <Name>Toxic</Name>
      </TMMove>
      <TMMove>
        <Name>Hidden Power</Name>
      </TMMove>
      <TMMove>
        <Name>Sunny Day</Name>
      </TMMove>
      <TMMove>
        <Name>Hyper Beam</Name>
      </TMMove>
      <TMMove>
        <Name>Protect</Name>
      </TMMove>
      <TMMove>
        <Name>Frustration</Name>
      </TMMove>
      <TMMove>
        <Name>Solar Beam</Name>
      </TMMove>
      <TMMove>
        <Name>Return</Name>
      </TMMove>
      <TMMove>
        <Name>Dig</Name>
      </TMMove>
      <TMMove>
        <Name>Shadow Ball</Name>
      </TMMove>
      <TMMove>
        <Name>Double Team</Name>
      </TMMove>
      <TMMove>
        <Name>Sandstorm</Name>
      </TMMove>
      <TMMove>
        <Name>Aerial Ace</Name>
      </TMMove>
      <TMMove>
        <Name>Facade</Name>
      </TMMove>
      <TMMove>
        <Name>Rest</Name>
      </TMMove>
      <TMMove>
        <Name>Thief</Name>
      </TMMove>
      <TMMove>
        <Name>Round</Name>
      </TMMove>
      <TMMove>
        <Name>False Swipe</Name>
      </TMMove>
      <TMMove>
        <Name>Will-O-Wisp</Name>
      </TMMove>
      <TMMove>
        <Name>Shadow Claw</Name>
      </TMMove>
      <TMMove>
        <Name>Giga Impact</Name>
      </TMMove>
      <TMMove>
        <Name>Flash</Name>
      </TMMove>
      <TMMove>
        <Name>Struggle Bug</Name>
      </TMMove>
      <TMMove>
        <Name>X-Scissor</Name>
      </TMMove>
      <TMMove>
        <Name>Dream Eater</Name>
      </TMMove>
      <TMMove>
        <Name>Swagger</Name>
      </TMMove>
      <TMMove>
        <Name>Sleep Talk</Name>
      </TMMove>
      <TMMove>
        <Name>Substitute</Name>
      </TMMove>
      <TMMove>
        <Name>Confide</Name>
      </TMMove>
      <TMMove>
        <Name>Cut</Name>
      </TMMove>
      <TMMove>
        <Name>Telekinesis</Name>
      </TMMove>
      <TMMove>
        <Name>Giga Drain</Name>
      </TMMove>
      <TMMove>
        <Name>Secret Power</Name>
      </TMMove>
      <TMMove>
        <Name>Endure</Name>
      </TMMove>
      <TMMove>
        <Name>Natural Gift</Name>
      </TMMove>
    </TMMoves>
    <EggMoves>
      <EggMove>
        <Name>Bug Bite</Name>
      </EggMove>
      <EggMove>
        <Name>Bug Buzz</Name>
      </EggMove>
      <EggMove>
        <Name>Endure</Name>
      </EggMove>
      <EggMove>
        <Name>Final Gambit</Name>
      </EggMove>
      <EggMove>
        <Name>Feint Attack</Name>
      </EggMove>
      <EggMove>
        <Name>Gust</Name>
      </EggMove>
      <EggMove>
        <Name>Night Slash</Name>
      </EggMove>
      <EggMove>
        <Name>Silver Wind</Name>
      </EggMove>
    </EggMoves>
    <DWMoves />
    <EventMoves />
  </Moves>
</FormEntry>