﻿<?xml version="1.0" encoding="utf-8"?>
<FormEntry>
  <General>
    <FormName>Normal</FormName>
    <Height>0.6</Height>
    <Weight>16.3</Weight>
    <Male>500</Male>
    <Female>500</Female>
    <BodyStyle />
  </General>
  <BaseStats>
    <HP>64</HP>
    <Atk>51</Atk>
    <Def>23</Def>
    <SpAtk>51</SpAtk>
    <SpDef>23</SpDef>
    <Speed>28</Speed>
  </BaseStats>
  <FormInfo>
    <Type1>Normal</Type1>
    <Type2>None</Type2>
    <Ability1>Soundproof</Ability1>
    <Ability2>None</Ability2>
    <Ability3>Rattled</Ability3>
    <Exp>48</Exp>
  </FormInfo>
  <Moves>
    <LevelUpMoves>
      <LevelUpMove>
        <Level>0</Level>
        <Name>Pound</Name>
      </LevelUpMove>
      <LevelUpMove>
        <Level>5</Level>
        <Name>Uproar</Name>
      </LevelUpMove>
      <LevelUpMove>
        <Level>11</Level>
        <Name>Astonish</Name>
      </LevelUpMove>
      <LevelUpMove>
        <Level>15</Level>
        <Name>Howl</Name>
      </LevelUpMove>
      <LevelUpMove>
        <Level>21</Level>
        <Name>Supersonic</Name>
      </LevelUpMove>
      <LevelUpMove>
        <Level>25</Level>
        <Name>Stomp</Name>
      </LevelUpMove>
      <LevelUpMove>
        <Level>31</Level>
        <Name>Screech</Name>
      </LevelUpMove>
      <LevelUpMove>
        <Level>35</Level>
        <Name>Roar</Name>
      </LevelUpMove>
      <LevelUpMove>
        <Level>41</Level>
        <Name>Synchronoise</Name>
      </LevelUpMove>
      <LevelUpMove>
        <Level>45</Level>
        <Name>Rest</Name>
      </LevelUpMove>
      <LevelUpMove>
        <Level>45</Level>
        <Name>Sleep Talk</Name>
      </LevelUpMove>
      <LevelUpMove>
        <Level>50</Level>
        <Name>Hyper Voice</Name>
      </LevelUpMove>
    </LevelUpMoves>
    <TMMoves>
      <TMMove>
        <Name>Roar</Name>
      </TMMove>
      <TMMove>
        <Name>Toxic</Name>
      </TMMove>
      <TMMove>
        <Name>Hidden Power</Name>
      </TMMove>
      <TMMove>
        <Name>Ice Beam</Name>
      </TMMove>
      <TMMove>
        <Name>Blizzard</Name>
      </TMMove>
      <TMMove>
        <Name>Protect</Name>
      </TMMove>
      <TMMove>
        <Name>Frustration</Name>
      </TMMove>
      <TMMove>
        <Name>Solar Beam</Name>
      </TMMove>
      <TMMove>
        <Name>Return</Name>
      </TMMove>
      <TMMove>
        <Name>Shadow Ball</Name>
      </TMMove>
      <TMMove>
        <Name>Double Team</Name>
      </TMMove>
      <TMMove>
        <Name>Flamethrower</Name>
      </TMMove>
      <TMMove>
        <Name>Fire Blast</Name>
      </TMMove>
      <TMMove>
        <Name>Facade</Name>
      </TMMove>
      <TMMove>
        <Name>Rest</Name>
      </TMMove>
      <TMMove>
        <Name>Attract</Name>
      </TMMove>
      <TMMove>
        <Name>Round</Name>
      </TMMove>
      <TMMove>
        <Name>Echoed Voice</Name>
      </TMMove>
      <TMMove>
        <Name>Fling</Name>
      </TMMove>
      <TMMove>
        <Name>Sleep Talk</Name>
      </TMMove>
      <TMMove>
        <Name>Swagger</Name>
      </TMMove>
      <TMMove>
        <Name>Substitute</Name>
      </TMMove>
      <TMMove>
        <Name>Confide</Name>
      </TMMove>
      <TMMove>
        <Name>Sunny Day</Name>
      </TMMove>
      <TMMove>
        <Name>Rain Dance</Name>
      </TMMove>
      <TMMove>
        <Name>Incinerate</Name>
      </TMMove>
      <TMMove>
        <Name>Retaliate</Name>
      </TMMove>
      <TMMove>
        <Name>Work Up</Name>
      </TMMove>
      <TMMove>
        <Name>Water Pulse</Name>
      </TMMove>
      <TMMove>
        <Name>Shock Wave</Name>
      </TMMove>
      <TMMove>
        <Name>Secret Power</Name>
      </TMMove>
      <TMMove>
        <Name>Endure</Name>
      </TMMove>
      <TMMove>
        <Name>Captivate</Name>
      </TMMove>
      <TMMove>
        <Name>Natural Gift</Name>
      </TMMove>
    </TMMoves>
    <EggMoves>
      <EggMove>
        <Name>Circle Throw</Name>
      </EggMove>
      <EggMove>
        <Name>Disarming Voice</Name>
      </EggMove>
      <EggMove>
        <Name>Hammer Arm</Name>
      </EggMove>
      <EggMove>
        <Name>Endeavor</Name>
      </EggMove>
      <EggMove>
        <Name>Extrasensory</Name>
      </EggMove>
      <EggMove>
        <Name>Fake Tears</Name>
      </EggMove>
      <EggMove>
        <Name>Smelling Salts</Name>
      </EggMove>
      <EggMove>
        <Name>Smokescreen</Name>
      </EggMove>
      <EggMove>
        <Name>Snore</Name>
      </EggMove>
      <EggMove>
        <Name>Take Down</Name>
      </EggMove>
      <EggMove>
        <Name>Swagger</Name>
      </EggMove>
    </EggMoves>
    <DWMoves />
    <EventMoves>
      <EventMove>
        <Name>Zen Headbutt</Name>
      </EventMove>
      <EventMove>
        <Name>Endeavor</Name>
      </EventMove>
      <EventMove>
        <Name>Teeter Dance</Name>
      </EventMove>
    </EventMoves>
  </Moves>
</FormEntry>