﻿<?xml version="1.0" encoding="utf-8"?>
<FormEntry>
  <General>
    <FormName>Normal</FormName>
    <Height>2.3</Height>
    <Weight>253.8</Weight>
    <Male>750</Male>
    <Female>250</Female>
    <BodyStyle />
  </General>
  <BaseStats>
    <HP>144</HP>
    <Atk>120</Atk>
    <Def>60</Def>
    <SpAtk>40</SpAtk>
    <SpDef>60</SpDef>
    <Speed>50</Speed>
  </BaseStats>
  <FormInfo>
    <Type1>Fighting</Type1>
    <Type2>None</Type2>
    <Ability1>Thick Fat</Ability1>
    <Ability2>Guts</Ability2>
    <Ability3>Sheer Force</Ability3>
    <Exp>166</Exp>
  </FormInfo>
  <Moves>
    <LevelUpMoves>
      <LevelUpMove>
        <Level>0</Level>
        <Name>Brine</Name>
      </LevelUpMove>
      <LevelUpMove>
        <Level>0</Level>
        <Name>Tackle</Name>
      </LevelUpMove>
      <LevelUpMove>
        <Level>0</Level>
        <Name>Focus Energy</Name>
      </LevelUpMove>
      <LevelUpMove>
        <Level>0</Level>
        <Name>Sand Attack</Name>
      </LevelUpMove>
      <LevelUpMove>
        <Level>0</Level>
        <Name>Arm Thrust</Name>
      </LevelUpMove>
      <LevelUpMove>
        <Level>4</Level>
        <Name>Sand Attack</Name>
      </LevelUpMove>
      <LevelUpMove>
        <Level>7</Level>
        <Name>Arm Thrust</Name>
      </LevelUpMove>
      <LevelUpMove>
        <Level>10</Level>
        <Name>Vital Throw</Name>
      </LevelUpMove>
      <LevelUpMove>
        <Level>13</Level>
        <Name>Fake Out</Name>
      </LevelUpMove>
      <LevelUpMove>
        <Level>16</Level>
        <Name>Whirlwind</Name>
      </LevelUpMove>
      <LevelUpMove>
        <Level>19</Level>
        <Name>Knock Off</Name>
      </LevelUpMove>
      <LevelUpMove>
        <Level>22</Level>
        <Name>Smelling Salts</Name>
      </LevelUpMove>
      <LevelUpMove>
        <Level>27</Level>
        <Name>Belly Drum</Name>
      </LevelUpMove>
      <LevelUpMove>
        <Level>32</Level>
        <Name>Force Palm</Name>
      </LevelUpMove>
      <LevelUpMove>
        <Level>37</Level>
        <Name>Seismic Toss</Name>
      </LevelUpMove>
      <LevelUpMove>
        <Level>42</Level>
        <Name>Wake-Up Slap</Name>
      </LevelUpMove>
      <LevelUpMove>
        <Level>47</Level>
        <Name>Endure</Name>
      </LevelUpMove>
      <LevelUpMove>
        <Level>52</Level>
        <Name>Close Combat</Name>
      </LevelUpMove>
      <LevelUpMove>
        <Level>57</Level>
        <Name>Reversal</Name>
      </LevelUpMove>
      <LevelUpMove>
        <Level>62</Level>
        <Name>Heavy Slam</Name>
      </LevelUpMove>
    </LevelUpMoves>
    <TMMoves>
      <TMMove>
        <Name>Toxic</Name>
      </TMMove>
      <TMMove>
        <Name>Bulk Up</Name>
      </TMMove>
      <TMMove>
        <Name>Hidden Power</Name>
      </TMMove>
      <TMMove>
        <Name>Sunny Day</Name>
      </TMMove>
      <TMMove>
        <Name>Hyper Beam</Name>
      </TMMove>
      <TMMove>
        <Name>Protect</Name>
      </TMMove>
      <TMMove>
        <Name>Rain Dance</Name>
      </TMMove>
      <TMMove>
        <Name>Frustration</Name>
      </TMMove>
      <TMMove>
        <Name>Smack Down</Name>
      </TMMove>
      <TMMove>
        <Name>Earthquake</Name>
      </TMMove>
      <TMMove>
        <Name>Return</Name>
      </TMMove>
      <TMMove>
        <Name>Dig</Name>
      </TMMove>
      <TMMove>
        <Name>Brick Break</Name>
      </TMMove>
      <TMMove>
        <Name>Double Team</Name>
      </TMMove>
      <TMMove>
        <Name>Rock Tomb</Name>
      </TMMove>
      <TMMove>
        <Name>Facade</Name>
      </TMMove>
      <TMMove>
        <Name>Rest</Name>
      </TMMove>
      <TMMove>
        <Name>Attract</Name>
      </TMMove>
      <TMMove>
        <Name>Low Sweep</Name>
      </TMMove>
      <TMMove>
        <Name>Round</Name>
      </TMMove>
      <TMMove>
        <Name>Focus Blast</Name>
      </TMMove>
      <TMMove>
        <Name>Fling</Name>
      </TMMove>
      <TMMove>
        <Name>Payback</Name>
      </TMMove>
      <TMMove>
        <Name>Retaliate</Name>
      </TMMove>
      <TMMove>
        <Name>Giga Impact</Name>
      </TMMove>
      <TMMove>
        <Name>Stone Edge</Name>
      </TMMove>
      <TMMove>
        <Name>Bulldoze</Name>
      </TMMove>
      <TMMove>
        <Name>Rock Slide</Name>
      </TMMove>
      <TMMove>
        <Name>Poison Jab</Name>
      </TMMove>
      <TMMove>
        <Name>Swagger</Name>
      </TMMove>
      <TMMove>
        <Name>Sleep Talk</Name>
      </TMMove>
      <TMMove>
        <Name>Substitute</Name>
      </TMMove>
      <TMMove>
        <Name>Rock Smash</Name>
      </TMMove>
      <TMMove>
        <Name>Power-Up Punch</Name>
      </TMMove>
      <TMMove>
        <Name>Confide</Name>
      </TMMove>
      <TMMove>
        <Name>Surf</Name>
      </TMMove>
      <TMMove>
        <Name>Strength</Name>
      </TMMove>
      <TMMove>
        <Name>Work Up</Name>
      </TMMove>
      <TMMove>
        <Name>Focus Punch</Name>
      </TMMove>
      <TMMove>
        <Name>Secret Power</Name>
      </TMMove>
      <TMMove>
        <Name>Brine</Name>
      </TMMove>
      <TMMove>
        <Name>Endure</Name>
      </TMMove>
      <TMMove>
        <Name>Captivate</Name>
      </TMMove>
      <TMMove>
        <Name>Natural Gift</Name>
      </TMMove>
      <TMMove>
        <Name>Whirlpool</Name>
      </TMMove>
      <TMMove>
        <Name>Rock Climb</Name>
      </TMMove>
    </TMMoves>
    <EggMoves>
      <EggMove>
        <Name>Bullet Punch</Name>
      </EggMove>
      <EggMove>
        <Name>Wide Guard</Name>
      </EggMove>
      <EggMove>
        <Name>Chip Away</Name>
      </EggMove>
      <EggMove>
        <Name>Counter</Name>
      </EggMove>
      <EggMove>
        <Name>Cross Chop</Name>
      </EggMove>
      <EggMove>
        <Name>Detect</Name>
      </EggMove>
      <EggMove>
        <Name>Dynamic Punch</Name>
      </EggMove>
      <EggMove>
        <Name>Feint Attack</Name>
      </EggMove>
      <EggMove>
        <Name>Feint</Name>
      </EggMove>
      <EggMove>
        <Name>Focus Punch</Name>
      </EggMove>
      <EggMove>
        <Name>Foresight</Name>
      </EggMove>
      <EggMove>
        <Name>Helping Hand</Name>
      </EggMove>
      <EggMove>
        <Name>Revenge</Name>
      </EggMove>
      <EggMove>
        <Name>Wake-Up Slap</Name>
      </EggMove>
    </EggMoves>
    <DWMoves />
    <EventMoves />
  </Moves>
</FormEntry>