﻿<?xml version="1.0" encoding="utf-8"?>
<FormEntry>
  <General>
    <FormName>Normal</FormName>
    <Height>0.2</Height>
    <Weight>2</Weight>
    <Male>250</Male>
    <Female>750</Female>
    <BodyStyle />
  </General>
  <BaseStats>
    <HP>50</HP>
    <Atk>20</Atk>
    <Def>40</Def>
    <SpAtk>20</SpAtk>
    <SpDef>40</SpDef>
    <Speed>20</Speed>
  </BaseStats>
  <FormInfo>
    <Type1>Normal</Type1>
    <Type2>Fairy</Type2>
    <Ability1>Thick Fat</Ability1>
    <Ability2>Huge Power</Ability2>
    <Ability3>Sap Sipper</Ability3>
    <Exp>38</Exp>
  </FormInfo>
  <Moves>
    <LevelUpMoves>
      <LevelUpMove>
        <Level>0</Level>
        <Name>Splash</Name>
      </LevelUpMove>
      <LevelUpMove>
        <Level>0</Level>
        <Name>Water Gun</Name>
      </LevelUpMove>
      <LevelUpMove>
        <Level>2</Level>
        <Name>Tail Whip</Name>
      </LevelUpMove>
      <LevelUpMove>
        <Level>5</Level>
        <Name>Water Sport</Name>
      </LevelUpMove>
      <LevelUpMove>
        <Level>7</Level>
        <Name>Bubble</Name>
      </LevelUpMove>
      <LevelUpMove>
        <Level>10</Level>
        <Name>Charm</Name>
      </LevelUpMove>
      <LevelUpMove>
        <Level>13</Level>
        <Name>Bubble Beam</Name>
      </LevelUpMove>
      <LevelUpMove>
        <Level>16</Level>
        <Name>Helping Hand</Name>
      </LevelUpMove>
      <LevelUpMove>
        <Level>20</Level>
        <Name>Slam</Name>
      </LevelUpMove>
      <LevelUpMove>
        <Level>23</Level>
        <Name>Bounce</Name>
      </LevelUpMove>
    </LevelUpMoves>
    <TMMoves>
      <TMMove>
        <Name>Toxic</Name>
      </TMMove>
      <TMMove>
        <Name>Hail</Name>
      </TMMove>
      <TMMove>
        <Name>Hidden Power</Name>
      </TMMove>
      <TMMove>
        <Name>Ice Beam</Name>
      </TMMove>
      <TMMove>
        <Name>Blizzard</Name>
      </TMMove>
      <TMMove>
        <Name>Light Screen</Name>
      </TMMove>
      <TMMove>
        <Name>Protect</Name>
      </TMMove>
      <TMMove>
        <Name>Rain Dance</Name>
      </TMMove>
      <TMMove>
        <Name>Frustration</Name>
      </TMMove>
      <TMMove>
        <Name>Return</Name>
      </TMMove>
      <TMMove>
        <Name>Double Team</Name>
      </TMMove>
      <TMMove>
        <Name>Facade</Name>
      </TMMove>
      <TMMove>
        <Name>Rest</Name>
      </TMMove>
      <TMMove>
        <Name>Attract</Name>
      </TMMove>
      <TMMove>
        <Name>Round</Name>
      </TMMove>
      <TMMove>
        <Name>Scald</Name>
      </TMMove>
      <TMMove>
        <Name>Swagger</Name>
      </TMMove>
      <TMMove>
        <Name>Sleep Talk</Name>
      </TMMove>
      <TMMove>
        <Name>Substitute</Name>
      </TMMove>
      <TMMove>
        <Name>Confide</Name>
      </TMMove>
      <TMMove>
        <Name>Surf</Name>
      </TMMove>
      <TMMove>
        <Name>Waterfall</Name>
      </TMMove>
      <TMMove>
        <Name>Work Up</Name>
      </TMMove>
      <TMMove>
        <Name>Water Pulse</Name>
      </TMMove>
      <TMMove>
        <Name>Iron Tail</Name>
      </TMMove>
      <TMMove>
        <Name>Secret Power</Name>
      </TMMove>
      <TMMove>
        <Name>Endure</Name>
      </TMMove>
      <TMMove>
        <Name>Captivate</Name>
      </TMMove>
      <TMMove>
        <Name>Natural Gift</Name>
      </TMMove>
      <TMMove>
        <Name>Whirlpool</Name>
      </TMMove>
    </TMMoves>
    <EggMoves>
      <EggMove>
        <Name>Body Slam</Name>
      </EggMove>
      <EggMove>
        <Name>Camouflage</Name>
      </EggMove>
      <EggMove>
        <Name>Copycat</Name>
      </EggMove>
      <EggMove>
        <Name>Encore</Name>
      </EggMove>
      <EggMove>
        <Name>Fake Tears</Name>
      </EggMove>
      <EggMove>
        <Name>Muddy Water</Name>
      </EggMove>
      <EggMove>
        <Name>Refresh</Name>
      </EggMove>
      <EggMove>
        <Name>Sing</Name>
      </EggMove>
      <EggMove>
        <Name>Slam</Name>
      </EggMove>
      <EggMove>
        <Name>Soak</Name>
      </EggMove>
      <EggMove>
        <Name>Tickle</Name>
      </EggMove>
      <EggMove>
        <Name>Water Sport</Name>
      </EggMove>
      <EggMove>
        <Name>Light Screen</Name>
      </EggMove>
      <EggMove>
        <Name>Perish Song</Name>
      </EggMove>
      <EggMove>
        <Name>Present</Name>
      </EggMove>
      <EggMove>
        <Name>Superpower</Name>
      </EggMove>
      <EggMove>
        <Name>Supersonic</Name>
      </EggMove>
    </EggMoves>
    <DWMoves />
    <EventMoves />
  </Moves>
</FormEntry>