﻿<?xml version="1.0" encoding="utf-8"?>
<FormEntry>
  <General>
    <FormName>Normal</FormName>
    <Height>1</Height>
    <Weight>97</Weight>
    <Male>500</Male>
    <Female>500</Female>
    <BodyStyle />
  </General>
  <BaseStats>
    <HP>30</HP>
    <Atk>45</Atk>
    <Def>135</Def>
    <SpAtk>45</SpAtk>
    <SpDef>90</SpDef>
    <Speed>30</Speed>
  </BaseStats>
  <FormInfo>
    <Type1>Rock</Type1>
    <Type2>None</Type2>
    <Ability1>Sturdy</Ability1>
    <Ability2>Magnet Pull</Ability2>
    <Ability3>Sand Force</Ability3>
    <Exp>75</Exp>
  </FormInfo>
  <Moves>
    <LevelUpMoves>
      <LevelUpMove>
        <Level>0</Level>
        <Name>Tackle</Name>
      </LevelUpMove>
      <LevelUpMove>
        <Level>4</Level>
        <Name>Harden</Name>
      </LevelUpMove>
      <LevelUpMove>
        <Level>8</Level>
        <Name>Block</Name>
      </LevelUpMove>
      <LevelUpMove>
        <Level>11</Level>
        <Name>Rock Throw</Name>
      </LevelUpMove>
      <LevelUpMove>
        <Level>15</Level>
        <Name>Thunder Wave</Name>
      </LevelUpMove>
      <LevelUpMove>
        <Level>18</Level>
        <Name>Rock Blast</Name>
      </LevelUpMove>
      <LevelUpMove>
        <Level>22</Level>
        <Name>Rest</Name>
      </LevelUpMove>
      <LevelUpMove>
        <Level>25</Level>
        <Name>Spark</Name>
      </LevelUpMove>
      <LevelUpMove>
        <Level>29</Level>
        <Name>Rock Slide</Name>
      </LevelUpMove>
      <LevelUpMove>
        <Level>32</Level>
        <Name>Power Gem</Name>
      </LevelUpMove>
      <LevelUpMove>
        <Level>36</Level>
        <Name>Sandstorm</Name>
      </LevelUpMove>
      <LevelUpMove>
        <Level>39</Level>
        <Name>Discharge</Name>
      </LevelUpMove>
      <LevelUpMove>
        <Level>43</Level>
        <Name>Earth Power</Name>
      </LevelUpMove>
      <LevelUpMove>
        <Level>46</Level>
        <Name>Stone Edge</Name>
      </LevelUpMove>
      <LevelUpMove>
        <Level>50</Level>
        <Name>Lock-On</Name>
      </LevelUpMove>
      <LevelUpMove>
        <Level>50</Level>
        <Name>Zap Cannon</Name>
      </LevelUpMove>
    </LevelUpMoves>
    <TMMoves>
      <TMMove>
        <Name>Toxic</Name>
      </TMMove>
      <TMMove>
        <Name>Hidden Power</Name>
      </TMMove>
      <TMMove>
        <Name>Sunny Day</Name>
      </TMMove>
      <TMMove>
        <Name>Taunt</Name>
      </TMMove>
      <TMMove>
        <Name>Protect</Name>
      </TMMove>
      <TMMove>
        <Name>Frustration</Name>
      </TMMove>
      <TMMove>
        <Name>Smack Down</Name>
      </TMMove>
      <TMMove>
        <Name>Thunderbolt</Name>
      </TMMove>
      <TMMove>
        <Name>Thunder</Name>
      </TMMove>
      <TMMove>
        <Name>Earthquake</Name>
      </TMMove>
      <TMMove>
        <Name>Return</Name>
      </TMMove>
      <TMMove>
        <Name>Double Team</Name>
      </TMMove>
      <TMMove>
        <Name>Sandstorm</Name>
      </TMMove>
      <TMMove>
        <Name>Rock Tomb</Name>
      </TMMove>
      <TMMove>
        <Name>Torment</Name>
      </TMMove>
      <TMMove>
        <Name>Facade</Name>
      </TMMove>
      <TMMove>
        <Name>Rest</Name>
      </TMMove>
      <TMMove>
        <Name>Attract</Name>
      </TMMove>
      <TMMove>
        <Name>Round</Name>
      </TMMove>
      <TMMove>
        <Name>Explosion</Name>
      </TMMove>
      <TMMove>
        <Name>Rock Polish</Name>
      </TMMove>
      <TMMove>
        <Name>Stone Edge</Name>
      </TMMove>
      <TMMove>
        <Name>Volt Switch</Name>
      </TMMove>
      <TMMove>
        <Name>Thunder Wave</Name>
      </TMMove>
      <TMMove>
        <Name>Bulldoze</Name>
      </TMMove>
      <TMMove>
        <Name>Rock Slide</Name>
      </TMMove>
      <TMMove>
        <Name>Swagger</Name>
      </TMMove>
      <TMMove>
        <Name>Sleep Talk</Name>
      </TMMove>
      <TMMove>
        <Name>Substitute</Name>
      </TMMove>
      <TMMove>
        <Name>Rock Smash</Name>
      </TMMove>
      <TMMove>
        <Name>Dazzling Gleam</Name>
      </TMMove>
      <TMMove>
        <Name>Confide</Name>
      </TMMove>
      <TMMove>
        <Name>Strength</Name>
      </TMMove>
      <TMMove>
        <Name>Shock Wave</Name>
      </TMMove>
      <TMMove>
        <Name>Secret Power</Name>
      </TMMove>
      <TMMove>
        <Name>Endure</Name>
      </TMMove>
      <TMMove>
        <Name>Stealth Rock</Name>
      </TMMove>
      <TMMove>
        <Name>Captivate</Name>
      </TMMove>
      <TMMove>
        <Name>Natural Gift</Name>
      </TMMove>
    </TMMoves>
    <EggMoves>
      <EggMove>
        <Name>Wide Guard</Name>
      </EggMove>
      <EggMove>
        <Name>Block</Name>
      </EggMove>
      <EggMove>
        <Name>Double-Edge</Name>
      </EggMove>
      <EggMove>
        <Name>Endure</Name>
      </EggMove>
      <EggMove>
        <Name>Magnitude</Name>
      </EggMove>
      <EggMove>
        <Name>Rollout</Name>
      </EggMove>
      <EggMove>
        <Name>Stealth Rock</Name>
      </EggMove>
      <EggMove>
        <Name>Head Smash</Name>
      </EggMove>
      <EggMove>
        <Name>Explosion</Name>
      </EggMove>
    </EggMoves>
    <DWMoves />
    <EventMoves>
      <EventMove>
        <Name>Ancient Power</Name>
      </EventMove>
      <EventMove>
        <Name>Stealth Rock</Name>
      </EventMove>
    </EventMoves>
  </Moves>
</FormEntry>