﻿<?xml version="1.0" encoding="utf-8"?>
<FormEntry>
  <General>
    <FormName>Normal</FormName>
    <Height>0.4</Height>
    <Weight>60</Weight>
    <Male>500</Male>
    <Female>500</Female>
    <BodyStyle />
  </General>
  <BaseStats>
    <HP>50</HP>
    <Atk>70</Atk>
    <Def>100</Def>
    <SpAtk>40</SpAtk>
    <SpDef>40</SpDef>
    <Speed>30</Speed>
  </BaseStats>
  <FormInfo>
    <Type1>Steel</Type1>
    <Type2>Rock</Type2>
    <Ability1>Sturdy</Ability1>
    <Ability2>Rock Head</Ability2>
    <Ability3>Heavy Metal</Ability3>
    <Exp>66</Exp>
  </FormInfo>
  <Moves>
    <LevelUpMoves>
      <LevelUpMove>
        <Level>0</Level>
        <Name>Tackle</Name>
      </LevelUpMove>
      <LevelUpMove>
        <Level>0</Level>
        <Name>Harden</Name>
      </LevelUpMove>
      <LevelUpMove>
        <Level>4</Level>
        <Name>Mud-Slap</Name>
      </LevelUpMove>
      <LevelUpMove>
        <Level>8</Level>
        <Name>Headbutt</Name>
      </LevelUpMove>
      <LevelUpMove>
        <Level>11</Level>
        <Name>Metal Claw</Name>
      </LevelUpMove>
      <LevelUpMove>
        <Level>15</Level>
        <Name>Iron Defense</Name>
      </LevelUpMove>
      <LevelUpMove>
        <Level>18</Level>
        <Name>Roar</Name>
      </LevelUpMove>
      <LevelUpMove>
        <Level>22</Level>
        <Name>Take Down</Name>
      </LevelUpMove>
      <LevelUpMove>
        <Level>25</Level>
        <Name>Iron Head</Name>
      </LevelUpMove>
      <LevelUpMove>
        <Level>29</Level>
        <Name>Protect</Name>
      </LevelUpMove>
      <LevelUpMove>
        <Level>32</Level>
        <Name>Metal Sound</Name>
      </LevelUpMove>
      <LevelUpMove>
        <Level>36</Level>
        <Name>Iron Tail</Name>
      </LevelUpMove>
      <LevelUpMove>
        <Level>39</Level>
        <Name>Autotomize</Name>
      </LevelUpMove>
      <LevelUpMove>
        <Level>43</Level>
        <Name>Heavy Slam</Name>
      </LevelUpMove>
      <LevelUpMove>
        <Level>46</Level>
        <Name>Double-Edge</Name>
      </LevelUpMove>
      <LevelUpMove>
        <Level>50</Level>
        <Name>Metal Burst</Name>
      </LevelUpMove>
    </LevelUpMoves>
    <TMMoves>
      <TMMove>
        <Name>Hone Claws</Name>
      </TMMove>
      <TMMove>
        <Name>Roar</Name>
      </TMMove>
      <TMMove>
        <Name>Toxic</Name>
      </TMMove>
      <TMMove>
        <Name>Hidden Power</Name>
      </TMMove>
      <TMMove>
        <Name>Sunny Day</Name>
      </TMMove>
      <TMMove>
        <Name>Protect</Name>
      </TMMove>
      <TMMove>
        <Name>Rain Dance</Name>
      </TMMove>
      <TMMove>
        <Name>Frustration</Name>
      </TMMove>
      <TMMove>
        <Name>Earthquake</Name>
      </TMMove>
      <TMMove>
        <Name>Return</Name>
      </TMMove>
      <TMMove>
        <Name>Dig</Name>
      </TMMove>
      <TMMove>
        <Name>Double Team</Name>
      </TMMove>
      <TMMove>
        <Name>Sandstorm</Name>
      </TMMove>
      <TMMove>
        <Name>Rock Tomb</Name>
      </TMMove>
      <TMMove>
        <Name>Aerial Ace</Name>
      </TMMove>
      <TMMove>
        <Name>Facade</Name>
      </TMMove>
      <TMMove>
        <Name>Rest</Name>
      </TMMove>
      <TMMove>
        <Name>Attract</Name>
      </TMMove>
      <TMMove>
        <Name>Round</Name>
      </TMMove>
      <TMMove>
        <Name>Shadow Claw</Name>
      </TMMove>
      <TMMove>
        <Name>Rock Polish</Name>
      </TMMove>
      <TMMove>
        <Name>Bulldoze</Name>
      </TMMove>
      <TMMove>
        <Name>Rock Slide</Name>
      </TMMove>
      <TMMove>
        <Name>Swagger</Name>
      </TMMove>
      <TMMove>
        <Name>Sleep Talk</Name>
      </TMMove>
      <TMMove>
        <Name>Substitute</Name>
      </TMMove>
      <TMMove>
        <Name>Rock Smash</Name>
      </TMMove>
      <TMMove>
        <Name>Confide</Name>
      </TMMove>
      <TMMove>
        <Name>Cut</Name>
      </TMMove>
      <TMMove>
        <Name>Strength</Name>
      </TMMove>
      <TMMove>
        <Name>Water Pulse</Name>
      </TMMove>
      <TMMove>
        <Name>Iron Tail</Name>
      </TMMove>
      <TMMove>
        <Name>Shock Wave</Name>
      </TMMove>
      <TMMove>
        <Name>Secret Power</Name>
      </TMMove>
      <TMMove>
        <Name>Endure</Name>
      </TMMove>
      <TMMove>
        <Name>Stealth Rock</Name>
      </TMMove>
      <TMMove>
        <Name>Captivate</Name>
      </TMMove>
      <TMMove>
        <Name>Natural Gift</Name>
      </TMMove>
    </TMMoves>
    <EggMoves>
      <EggMove>
        <Name>Body Slam</Name>
      </EggMove>
      <EggMove>
        <Name>Curse</Name>
      </EggMove>
      <EggMove>
        <Name>Dragon Rush</Name>
      </EggMove>
      <EggMove>
        <Name>Endeavor</Name>
      </EggMove>
      <EggMove>
        <Name>Head Smash</Name>
      </EggMove>
      <EggMove>
        <Name>Iron Head</Name>
      </EggMove>
      <EggMove>
        <Name>Reversal</Name>
      </EggMove>
      <EggMove>
        <Name>Screech</Name>
      </EggMove>
      <EggMove>
        <Name>Smelling Salts</Name>
      </EggMove>
      <EggMove>
        <Name>Stealth Rock</Name>
      </EggMove>
      <EggMove>
        <Name>Stomp</Name>
      </EggMove>
      <EggMove>
        <Name>Superpower</Name>
      </EggMove>
    </EggMoves>
    <DWMoves />
    <EventMoves>
      <EventMove>
        <Name>Head Smash</Name>
      </EventMove>
      <EventMove>
        <Name>Endeavor</Name>
      </EventMove>
    </EventMoves>
  </Moves>
</FormEntry>