﻿<?xml version="1.0" encoding="utf-8"?>
<FormEntry>
  <General>
    <FormName>Normal</FormName>
    <Height>0.6</Height>
    <Weight>11.2</Weight>
    <Male>500</Male>
    <Female>500</Female>
    <BodyStyle />
  </General>
  <BaseStats>
    <HP>30</HP>
    <Atk>40</Atk>
    <Def>55</Def>
    <SpAtk>40</SpAtk>
    <SpDef>55</SpDef>
    <Speed>60</Speed>
  </BaseStats>
  <FormInfo>
    <Type1>Fighting</Type1>
    <Type2>Psychic</Type2>
    <Ability1>Pure Power</Ability1>
    <Ability2>None</Ability2>
    <Ability3>Telepathy</Ability3>
    <Exp>56</Exp>
  </FormInfo>
  <Moves>
    <LevelUpMoves>
      <LevelUpMove>
        <Level>0</Level>
        <Name>Bide</Name>
      </LevelUpMove>
      <LevelUpMove>
        <Level>4</Level>
        <Name>Meditate</Name>
      </LevelUpMove>
      <LevelUpMove>
        <Level>8</Level>
        <Name>Confusion</Name>
      </LevelUpMove>
      <LevelUpMove>
        <Level>11</Level>
        <Name>Detect</Name>
      </LevelUpMove>
      <LevelUpMove>
        <Level>15</Level>
        <Name>Hidden Power</Name>
      </LevelUpMove>
      <LevelUpMove>
        <Level>18</Level>
        <Name>Mind Reader</Name>
      </LevelUpMove>
      <LevelUpMove>
        <Level>22</Level>
        <Name>Feint</Name>
      </LevelUpMove>
      <LevelUpMove>
        <Level>25</Level>
        <Name>Calm Mind</Name>
      </LevelUpMove>
      <LevelUpMove>
        <Level>29</Level>
        <Name>Force Palm</Name>
      </LevelUpMove>
      <LevelUpMove>
        <Level>32</Level>
        <Name>High Jump Kick</Name>
      </LevelUpMove>
      <LevelUpMove>
        <Level>36</Level>
        <Name>Psych Up</Name>
      </LevelUpMove>
      <LevelUpMove>
        <Level>39</Level>
        <Name>Acupressure</Name>
      </LevelUpMove>
      <LevelUpMove>
        <Level>43</Level>
        <Name>Power Trick</Name>
      </LevelUpMove>
      <LevelUpMove>
        <Level>46</Level>
        <Name>Reversal</Name>
      </LevelUpMove>
      <LevelUpMove>
        <Level>50</Level>
        <Name>Recover</Name>
      </LevelUpMove>
    </LevelUpMoves>
    <TMMoves>
      <TMMove>
        <Name>Psyshock</Name>
      </TMMove>
      <TMMove>
        <Name>Calm Mind</Name>
      </TMMove>
      <TMMove>
        <Name>Toxic</Name>
      </TMMove>
      <TMMove>
        <Name>Bulk Up</Name>
      </TMMove>
      <TMMove>
        <Name>Hidden Power</Name>
      </TMMove>
      <TMMove>
        <Name>Sunny Day</Name>
      </TMMove>
      <TMMove>
        <Name>Light Screen</Name>
      </TMMove>
      <TMMove>
        <Name>Protect</Name>
      </TMMove>
      <TMMove>
        <Name>Rain Dance</Name>
      </TMMove>
      <TMMove>
        <Name>Frustration</Name>
      </TMMove>
      <TMMove>
        <Name>Return</Name>
      </TMMove>
      <TMMove>
        <Name>Psychic</Name>
      </TMMove>
      <TMMove>
        <Name>Shadow Ball</Name>
      </TMMove>
      <TMMove>
        <Name>Brick Break</Name>
      </TMMove>
      <TMMove>
        <Name>Double Team</Name>
      </TMMove>
      <TMMove>
        <Name>Reflect</Name>
      </TMMove>
      <TMMove>
        <Name>Rock Tomb</Name>
      </TMMove>
      <TMMove>
        <Name>Facade</Name>
      </TMMove>
      <TMMove>
        <Name>Rest</Name>
      </TMMove>
      <TMMove>
        <Name>Attract</Name>
      </TMMove>
      <TMMove>
        <Name>Low Sweep</Name>
      </TMMove>
      <TMMove>
        <Name>Round</Name>
      </TMMove>
      <TMMove>
        <Name>Focus Blast</Name>
      </TMMove>
      <TMMove>
        <Name>Fling</Name>
      </TMMove>
      <TMMove>
        <Name>Retaliate</Name>
      </TMMove>
      <TMMove>
        <Name>Flash</Name>
      </TMMove>
      <TMMove>
        <Name>Psych Up</Name>
      </TMMove>
      <TMMove>
        <Name>Rock Slide</Name>
      </TMMove>
      <TMMove>
        <Name>Poison Jab</Name>
      </TMMove>
      <TMMove>
        <Name>Dream Eater</Name>
      </TMMove>
      <TMMove>
        <Name>Grass Knot</Name>
      </TMMove>
      <TMMove>
        <Name>Swagger</Name>
      </TMMove>
      <TMMove>
        <Name>Sleep Talk</Name>
      </TMMove>
      <TMMove>
        <Name>Substitute</Name>
      </TMMove>
      <TMMove>
        <Name>Rock Smash</Name>
      </TMMove>
      <TMMove>
        <Name>Power-Up Punch</Name>
      </TMMove>
      <TMMove>
        <Name>Confide</Name>
      </TMMove>
      <TMMove>
        <Name>Strength</Name>
      </TMMove>
      <TMMove>
        <Name>Telekinesis</Name>
      </TMMove>
      <TMMove>
        <Name>Work Up</Name>
      </TMMove>
      <TMMove>
        <Name>Focus Punch</Name>
      </TMMove>
      <TMMove>
        <Name>Secret Power</Name>
      </TMMove>
      <TMMove>
        <Name>Endure</Name>
      </TMMove>
      <TMMove>
        <Name>Drain Punch</Name>
      </TMMove>
      <TMMove>
        <Name>Recycle</Name>
      </TMMove>
      <TMMove>
        <Name>Captivate</Name>
      </TMMove>
      <TMMove>
        <Name>Natural Gift</Name>
      </TMMove>
    </TMMoves>
    <EggMoves>
      <EggMove>
        <Name>Baton Pass</Name>
      </EggMove>
      <EggMove>
        <Name>Bullet Punch</Name>
      </EggMove>
      <EggMove>
        <Name>Drain Punch</Name>
      </EggMove>
      <EggMove>
        <Name>Dynamic Punch</Name>
      </EggMove>
      <EggMove>
        <Name>Fake Out</Name>
      </EggMove>
      <EggMove>
        <Name>Fire Punch</Name>
      </EggMove>
      <EggMove>
        <Name>Foresight</Name>
      </EggMove>
      <EggMove>
        <Name>Guard Swap</Name>
      </EggMove>
      <EggMove>
        <Name>Ice Punch</Name>
      </EggMove>
      <EggMove>
        <Name>Power Swap</Name>
      </EggMove>
      <EggMove>
        <Name>Psycho Cut</Name>
      </EggMove>
      <EggMove>
        <Name>Quick Guard</Name>
      </EggMove>
      <EggMove>
        <Name>Secret Power</Name>
      </EggMove>
      <EggMove>
        <Name>Thunder Punch</Name>
      </EggMove>
    </EggMoves>
    <DWMoves />
    <EventMoves>
      <EventMove>
        <Name>Drain Punch</Name>
      </EventMove>
      <EventMove>
        <Name>Endure</Name>
      </EventMove>
    </EventMoves>
  </Moves>
</FormEntry>