﻿<?xml version="1.0" encoding="utf-8"?>
<FormEntry>
  <General>
    <FormName>Normal</FormName>
    <Height>0.6</Height>
    <Weight>15.2</Weight>
    <Male>500</Male>
    <Female>500</Female>
    <BodyStyle />
  </General>
  <BaseStats>
    <HP>40</HP>
    <Atk>45</Atk>
    <Def>40</Def>
    <SpAtk>65</SpAtk>
    <SpDef>40</SpDef>
    <Speed>65</Speed>
  </BaseStats>
  <FormInfo>
    <Type1>Electric</Type1>
    <Type2>None</Type2>
    <Ability1>Static</Ability1>
    <Ability2>Lightning Rod</Ability2>
    <Ability3>Minus</Ability3>
    <Exp>59</Exp>
  </FormInfo>
  <Moves>
    <LevelUpMoves>
      <LevelUpMove>
        <Level>0</Level>
        <Name>Tackle</Name>
      </LevelUpMove>
      <LevelUpMove>
        <Level>4</Level>
        <Name>Thunder Wave</Name>
      </LevelUpMove>
      <LevelUpMove>
        <Level>9</Level>
        <Name>Leer</Name>
      </LevelUpMove>
      <LevelUpMove>
        <Level>12</Level>
        <Name>Howl</Name>
      </LevelUpMove>
      <LevelUpMove>
        <Level>17</Level>
        <Name>Quick Attack</Name>
      </LevelUpMove>
      <LevelUpMove>
        <Level>20</Level>
        <Name>Spark</Name>
      </LevelUpMove>
      <LevelUpMove>
        <Level>25</Level>
        <Name>Odor Sleuth</Name>
      </LevelUpMove>
      <LevelUpMove>
        <Level>28</Level>
        <Name>Bite</Name>
      </LevelUpMove>
      <LevelUpMove>
        <Level>33</Level>
        <Name>Thunder Fang</Name>
      </LevelUpMove>
      <LevelUpMove>
        <Level>36</Level>
        <Name>Roar</Name>
      </LevelUpMove>
      <LevelUpMove>
        <Level>41</Level>
        <Name>Discharge</Name>
      </LevelUpMove>
      <LevelUpMove>
        <Level>44</Level>
        <Name>Charge</Name>
      </LevelUpMove>
      <LevelUpMove>
        <Level>49</Level>
        <Name>Wild Charge</Name>
      </LevelUpMove>
      <LevelUpMove>
        <Level>52</Level>
        <Name>Thunder</Name>
      </LevelUpMove>
    </LevelUpMoves>
    <TMMoves>
      <TMMove>
        <Name>Roar</Name>
      </TMMove>
      <TMMove>
        <Name>Toxic</Name>
      </TMMove>
      <TMMove>
        <Name>Hidden Power</Name>
      </TMMove>
      <TMMove>
        <Name>Light Screen</Name>
      </TMMove>
      <TMMove>
        <Name>Protect</Name>
      </TMMove>
      <TMMove>
        <Name>Rain Dance</Name>
      </TMMove>
      <TMMove>
        <Name>Frustration</Name>
      </TMMove>
      <TMMove>
        <Name>Thunderbolt</Name>
      </TMMove>
      <TMMove>
        <Name>Thunder</Name>
      </TMMove>
      <TMMove>
        <Name>Return</Name>
      </TMMove>
      <TMMove>
        <Name>Double Team</Name>
      </TMMove>
      <TMMove>
        <Name>Flamethrower</Name>
      </TMMove>
      <TMMove>
        <Name>Facade</Name>
      </TMMove>
      <TMMove>
        <Name>Rest</Name>
      </TMMove>
      <TMMove>
        <Name>Attract</Name>
      </TMMove>
      <TMMove>
        <Name>Thief</Name>
      </TMMove>
      <TMMove>
        <Name>Round</Name>
      </TMMove>
      <TMMove>
        <Name>Charge Beam</Name>
      </TMMove>
      <TMMove>
        <Name>Flash</Name>
      </TMMove>
      <TMMove>
        <Name>Volt Switch</Name>
      </TMMove>
      <TMMove>
        <Name>Thunder Wave</Name>
      </TMMove>
      <TMMove>
        <Name>Swagger</Name>
      </TMMove>
      <TMMove>
        <Name>Sleep Talk</Name>
      </TMMove>
      <TMMove>
        <Name>Substitute</Name>
      </TMMove>
      <TMMove>
        <Name>Wild Charge</Name>
      </TMMove>
      <TMMove>
        <Name>Snarl</Name>
      </TMMove>
      <TMMove>
        <Name>Confide</Name>
      </TMMove>
      <TMMove>
        <Name>Strength</Name>
      </TMMove>
      <TMMove>
        <Name>Shock Wave</Name>
      </TMMove>
      <TMMove>
        <Name>Secret Power</Name>
      </TMMove>
      <TMMove>
        <Name>Endure</Name>
      </TMMove>
      <TMMove>
        <Name>Captivate</Name>
      </TMMove>
      <TMMove>
        <Name>Natural Gift</Name>
      </TMMove>
      <TMMove>
        <Name>Iron Tail</Name>
      </TMMove>
    </TMMoves>
    <EggMoves>
      <EggMove>
        <Name>Crunch</Name>
      </EggMove>
      <EggMove>
        <Name>Curse</Name>
      </EggMove>
      <EggMove>
        <Name>Discharge</Name>
      </EggMove>
      <EggMove>
        <Name>Eerie Impulse</Name>
      </EggMove>
      <EggMove>
        <Name>Electro Ball</Name>
      </EggMove>
      <EggMove>
        <Name>Fire Fang</Name>
      </EggMove>
      <EggMove>
        <Name>Flame Burst</Name>
      </EggMove>
      <EggMove>
        <Name>Headbutt</Name>
      </EggMove>
      <EggMove>
        <Name>Ice Fang</Name>
      </EggMove>
      <EggMove>
        <Name>Shock Wave</Name>
      </EggMove>
      <EggMove>
        <Name>Swift</Name>
      </EggMove>
      <EggMove>
        <Name>Switcheroo</Name>
      </EggMove>
      <EggMove>
        <Name>Thunder Fang</Name>
      </EggMove>
      <EggMove>
        <Name>Uproar</Name>
      </EggMove>
    </EggMoves>
    <DWMoves />
    <EventMoves>
      <EventMove>
        <Name>Signal Beam</Name>
      </EventMove>
      <EventMove>
        <Name>Ice Fang</Name>
      </EventMove>
    </EventMoves>
  </Moves>
</FormEntry>